"conversation_id","created_at","favorite_count","full_text","hashtags/0","hashtags/1","hashtags/2","hashtags/3","hashtags/4","id","reply_count","retweet_count","symbols/0","symbols/1","url","urls/0/display_url","urls/0/expanded_url","urls/0/url","user/created_at","user/default_profile_image","user/description","user/fast_followers_count","user/favourites_count","user/followers_count","user/friends_count","user/has_custom_timelines","user/id_str","user/is_translator","user/listed_count","user/location","user/media_count","user/name","user/normal_followers_count","user/profile_banner_url","user/profile_image_url_https","user/protected","user/screen_name","user/statuses_count","user/translator_type","user/url","user/verified","user_mentions/0/id_str","user_mentions/0/name","user_mentions/0/screen_name","user_mentions/1/id_str","user_mentions/1/name","user_mentions/1/screen_name","user_mentions/2/id_str","user_mentions/2/name","user_mentions/2/screen_name","user_mentions/3/id_str","user_mentions/3/name","user_mentions/3/screen_name","user_mentions/4/id_str","user_mentions/4/name","user_mentions/4/screen_name","user_mentions/5/id_str","user_mentions/5/name","user_mentions/5/screen_name","user_mentions/6/id_str","user_mentions/6/name","user_mentions/6/screen_name","user_mentions/7/id_str","user_mentions/7/name","user_mentions/7/screen_name","user_mentions/8/id_str","user_mentions/8/name","user_mentions/8/screen_name"
"1508900368779911169","2022-03-29T20:14:16.000Z","21312","Investing 100% of my net worth in NFTs has taught me a lot. Mostly, that my family thinks I’m an idiot",,,,,,"1508900368779911169","1092","1723",,,"https://twitter.com/DegenApeGreg/status/1508900368779911169",,,,"2021-09-01T03:27:13.000Z","false","S◎L enthusiast. Degen Ape #5712. SMB lover. Solarian. Certified shitposter. DYOR. NFA","0","144","1376","97","false","1432907469378912258","false","5","","22","Degen Ape Greg","1376","https://pbs.twimg.com/profile_banners/1432907469378912258/1630467313","https://pbs.twimg.com/profile_images/1432909837680058368/-jz0bdPH_normal.jpg","false","DegenApeGreg","137","none",,"false",,,,,,,,,,,,,,,,,,,,,,,,,,,
"1508851837335707662","2022-03-29T17:01:25.000Z","9336","Ninjas! 

Let’s make it clear: we own the NFT digital rights of the Original Teenage Mutant Ninja Turtles 1987 produced by Murakami-Wolf-Swenson and IDDH (Poly Productions/Squemme). 

We are all a big family but not affiliated to 
@RecurForever! 

Spread the word! Cowabunga!",,,,,,"1508851837335707662","1561","2823",,,"https://twitter.com/tmntnft/status/1508851837335707662",,,,"2022-02-09T00:54:49.000Z","false","The Official @TMNT NFT 1987.
All Rights Reserved IDDH - Squemme ©
Cowabunga! 🥷🏽🐢","0","5","54506","5","false","1491213906253070337","false","152","New-York","1","TMNT NFT","54506","https://pbs.twimg.com/profile_banners/1491213906253070337/1647867509","https://pbs.twimg.com/profile_images/1497551427207667712/dY9x03IF_normal.jpg","false","tmntnft","4","none",,"true","1364445909468270594","RECUR","RecurForever",,,,,,,,,,,,,,,,,,,,,,,,
"1509153944840425475","2022-03-30T13:01:53.000Z","5880","VISA: We want every NFT marketplace to be able to accept Visa cards",,,,,,"1509153944840425475","404","1130",,,"https://twitter.com/Blockworks_/status/1509153944840425475",,,,"2018-04-27T17:03:06.000Z","false","News and insights about crypto for investors.

Event of the year: https://t.co/BXuzraxJeK","0","25954","283324","4961","true","989912836901089282","false","2270","New York, NY","4338","Blockworks","283324","https://pbs.twimg.com/profile_banners/989912836901089282/1642688964","https://pbs.twimg.com/profile_images/1410611633773191177/YPoysm6k_normal.jpg","false","Blockworks_","14711","none","https://t.co/lyKlO2o2ZF","true",,,,,,,,,,,,,,,,,,,,,,,,,,,
"1508914245508947990","2022-03-29T21:09:25.000Z","5500","Just copped a new Rolex, paid for in ETH from flipping NFTS. 

Web3 changed my life. https://t.co/B7BlruolBX",,,,,,"1508914245508947990","728","267",,,"https://twitter.com/WizKingNFT/status/1508914245508947990",,,,"2022-01-26T17:59:42.000Z","false","NFT Degen & Future Billionaire | MAYC #7716 & #610","0","2019","5742","854","false","1486398416154501124","false","13","Entrepreneur ","88","WizKing 🧙‍♂️👑","5742","https://pbs.twimg.com/profile_banners/1486398416154501124/1646255510","https://pbs.twimg.com/profile_images/1505680104722247681/HbhtQj_k_normal.jpg","false","WizKingNFT","1518","none",,"false",,,,,,,,,,,,,,,,,,,,,,,,,,,
"1508915008704421890","2022-03-29T21:12:27.000Z","5111","pov: you run into every bro at nft la. https://t.co/T0tdeFIN37",,,,,,"1508915008704421890","406","968",,,"https://twitter.com/kmoney_69/status/1508915008704421890",,,,"2021-06-15T00:55:32.000Z","false","part time stand up comic, full time degen. 👀marketing director for: @abductionsquad","0","5163","6945","456","true","1404603419101306881","false","13","","143","kmoney","6945","https://pbs.twimg.com/profile_banners/1404603419101306881/1647992267","https://pbs.twimg.com/profile_images/1499065878641479680/pl1CvYDv_normal.jpg","false","kmoney_69","2850","none","https://t.co/xuxiAku2WY","false",,,,,,,,,,,,,,,,,,,,,,,,,,,
"1509050447847473152","2022-03-30T06:10:38.000Z","5005","Deleted my Snapchat in 2020.
Created an NFT Twitter in 2021.
Deleted my Facebook in 2021.
Bout to delete my IG in 2022.

Wanna know what's crazy?

Not a single IRL friend has even bothered to reach out to me on some personal shit.. aside from ""NFT advice""... Man... Ppl fake frfr.",,,,,,"1509050447847473152","403","417",,,"https://twitter.com/theblockpain/status/1509050447847473152",,,,"2021-05-28T13:54:01.000Z","false","#DentedNotBroken","0","15429","2214","4954","false","1398276321780842496","false","23","The Blockchain","1238","blockpain.eth","2214","https://pbs.twimg.com/profile_banners/1398276321780842496/1645493271","https://pbs.twimg.com/profile_images/1504061879538302977/OSbnKVRp_normal.jpg","false","theblockpain","12899","none","https://t.co/O9Aq44yI6X","false",,,,,,,,,,,,,,,,,,,,,,,,,,,
"1508976545372819459","2022-03-30T01:16:58.000Z","3933","Today I closed on a house I paid for with my art through NFTs. When I started this journey a year ago, I had less than $100 in my bank account. 🥂",,,,,,"1508976545372819459","486","248",,,"https://twitter.com/DesLucrece/status/1508976545372819459",,,,"2015-09-29T00:52:40.000Z","false","Creator of Monster NFTs | https://t.co/W6sxN133TN","0","24793","32039","874","true","3809335936","false","298","USA","1965","Lucréce","32039","https://pbs.twimg.com/profile_banners/3809335936/1648064855","https://pbs.twimg.com/profile_images/1508979062089424900/n-2VFCT1_normal.jpg","false","DesLucrece","15211","none","https://t.co/Ua80NH4hm0","false",,,,,,,,,,,,,,,,,,,,,,,,,,,
"1509191792071217154","2022-03-30T15:32:17.000Z","3676","My biggest giveaway for you guys! 

I’ll send 5 people a nft or $ape who retweet , like and follow me. good luck! 🐳",,,,,,"1509191792071217154","1042","3149","ape",,"https://twitter.com/ItsEliOyefeso/status/1509191792071217154",,,,"2013-03-03T02:37:06.000Z","false","Entrepreneur 👨‍💻| #NFT Enthusiast & Promoter 🏝 | Marketing Magician 🧙‍♂️• Contact via DMs for Inquiries → NOT Financial Advice #AD 🤝","0","4595","191534","698","true","1237455871","false","133","Metaverse","1293","Eli","191534","https://pbs.twimg.com/profile_banners/1237455871/1647470090","https://pbs.twimg.com/profile_images/1504528695247228929/oOyG7vnY_normal.jpg","false","ItsEliOyefeso","21150","none",,"true",,,,,,,,,,,,,,,,,,,,,,,,,,,
"1509203974070714375","2022-03-30T16:20:41.000Z","3406","I’VE FINALLY DONE IT! My life goal of aping into @BoredApeYC has been ticked off 😁!! When I started out in the NFT space, I never imagined I’d be posting THIS tweet someday. Definitely a core memory. Shoutout to all my fellow APEs 🦧!

#BAYC #apefollowape #foreverape #LFG #NFT https://t.co/jNFlNDvGrz","BAYC","apefollowape","foreverape","LFG","NFT","1509203974070714375","489","269",,,"https://twitter.com/Pixel_Critic/status/1509203974070714375",,,,"2022-03-06T18:26:20.000Z","false","🐵 | BAYC #6856 ✨ | Professional Smart Contract Developer 📩 | thepix3lcritic@gmail.com","0","1590","1007","101","false","1500538256542388234","false","4","the metaverse","28","The Pixel Critic","1007","https://pbs.twimg.com/profile_banners/1500538256542388234/1647519494","https://pbs.twimg.com/profile_images/1508883166630662151/-_FJGasm_normal.png","false","Pixel_Critic","1067","none",,"false","1381699264011771906","Bored Ape Yacht Club","BoredApeYC",,,,,,,,,,,,,,,,,,,,,,,,
"1508995220356190210","2022-03-30T02:31:10.000Z","2746","🚨 FoCkInG InSaNe GiBaWay! 😂 

Not doing any other big giveaway anytime soon so get in this 1 or regret forever!

🏆 Prizes:
- @worldofwomennft #WoWGalaxy #NFT in the pic.
- 0.1 $ETH

To enter:
- Follow me and @GodsClash_NFT
- ❤️ &amp; RT
- Tag millions of frens

72h

#NFTCommunity https://t.co/nPDQnfZYNx","WoWGalaxy","NFT","NFTCommunity",,,"1508995220356190210","2666","2577","ETH",,"https://twitter.com/eCoLoGy1990/status/1508995220356190210",,,,"2017-07-22T12:19:22.000Z","false","NFT Collector and Crypto Enthusiast!
Pokemon, DragonBall, Magic The Gathering, Flesh and Blood and Yu-Gi-Oh Collector.","0","28400","26050","4313","false","888735216084426752","false","78","Cyberspace","954","ecoboy.eth","26050","https://pbs.twimg.com/profile_banners/888735216084426752/1629698517","https://pbs.twimg.com/profile_images/1505023421528387584/GhUcnXeV_normal.jpg","false","eCoLoGy1990","5519","none","https://t.co/TEx8yvLg93","false","1414218489276125185","World of Women","worldofwomennft","1478610833072693249","Gods Clash","GodsClash_NFT",,,,,,,,,,,,,,,,,,,,,
"1509159132078776327","2022-03-30T13:22:30.000Z","2351","NFTs are the biggest opportunity since the Internet.",,,,,,"1509159132078776327","245","368",,,"https://twitter.com/osf_nft/status/1509159132078776327",,,,"2021-03-03T02:13:25.000Z","false","Investor in Web3/NFTs | Co-Founder of @CanaryNFT & @DegenzNFT | Host on @RugRadio | Team at @FlipsFinance | Artist on @SuperRare | Former TradFi Trader","0","47145","72348","862","true","1366934666201202689","false","866","London, England","1515","OSF","72348","https://pbs.twimg.com/profile_banners/1366934666201202689/1646333240","https://pbs.twimg.com/profile_images/1508810123120156690/0gjB6ApC_normal.jpg","false","osf_nft","17622","none","https://t.co/wf4PiOz1Dx","false",,,,,,,,,,,,,,,,,,,,,,,,,,,
"1508855598263140354","2022-03-29T17:16:22.000Z","1947","one of the few things I dislike about NFT Twitter is the inflated egos. high follower count is not a fucking excuse to act better than anyone.",,,,,,"1508855598263140354","225","161",,,"https://twitter.com/crispylines/status/1508855598263140354",,,,"2013-09-28T15:31:51.000Z","false","NFT curator | degenerate | M.S. data science | software dev | BAYC 7682 | no promos","0","24776","31075","4566","true","1914474422","false","136","Minneapolis, MN","977","qrime.eth in LA","31075","https://pbs.twimg.com/profile_banners/1914474422/1648327051","https://pbs.twimg.com/profile_images/1496278689910337537/4NehhWmP_normal.png","false","crispylines","9331","none","https://t.co/aczpMbZ9nG","false",,,,,,,,,,,,,,,,,,,,,,,,,,,
"1508792034412625928","2022-03-29T13:03:47.000Z","1837","@LooksRareNFT is the first NFT marketplace to support Blockscan Chat! 

NFT buyers and sellers may now easily start a conversation with each other.

Thanks team ❤️",,,,,,"1508792034412625928","41","398",,,"https://twitter.com/etherscan/status/1508792034412625928",,,,"2015-08-12T11:41:47.000Z","false","Providing equitable access to human readable blockchain data.","0","1996","78495","56","false","3313312856","false","840","","213","“The Etherscan”","78495","https://pbs.twimg.com/profile_banners/3313312856/1598001173","https://pbs.twimg.com/profile_images/1296736608482283520/6mDtyT6V_normal.jpg","false","etherscan","1485","none","https://t.co/r7gzKiWCYV","false","1427557319500472325","LooksRare - NFT Marketplace","LooksRareNFT",,,,,,,,,,,,,,,,,,,,,,,,
"1509265053547208710","2022-03-30T20:23:24.000Z","1750","One year ago I started trading NFTs with 2 Eth. After hard work and perseverance I now have 2 Eth and social anxiety",,,,,,"1509265053547208710","105","96",,,"https://twitter.com/DiscoverXnft/status/1509265053547208710",,,,"2021-08-15T02:27:42.000Z","false","NFT Degen + Shitpost Connoisseur. | MAYC #7450 | No Promos 🤡 |","0","64141","40305","3013","true","1426732252768182281","false","282","","3303","ThreadGuy.eth 👑","40305","https://pbs.twimg.com/profile_banners/1426732252768182281/1648703847","https://pbs.twimg.com/profile_images/1496865730586976262/iWWD7yx-_normal.jpg","false","DiscoverXnft","30346","none",,"false",,,,,,,,,,,,,,,,,,,,,,,,,,,
"1508855940921110531","2022-03-29T17:17:44.000Z","1677","I haven’t bought a single stock since investing in my first NFT.",,,,,,"1508855940921110531","195","106",,,"https://twitter.com/Degentraland/status/1508855940921110531",,,,"2021-09-22T22:01:03.000Z","false","Metaverse connoisseur. Ex-Goldman Sachs simp. Coffee addict, 4 hours sober. BAYC #6934. Doodle #7605.","0","22229","20755","978","true","1440798044891463685","false","108","New York, USA","148","Degentraland","20755","https://pbs.twimg.com/profile_banners/1440798044891463685/1637113845","https://pbs.twimg.com/profile_images/1484604685671493632/nifvTODz_normal.png","false","Degentraland","3032","none",,"false",,,,,,,,,,,,,,,,,,,,,,,,,,,
"1508991441896611845","2022-03-30T02:16:10.000Z","1430","As promised!! First Giveaway✔️

Just retweet and follow to win a #BAYC SERUM NFT worth 35 E 🚀 https://t.co/ecaOsWQsln","BAYC",,,,,"1508991441896611845","428","1603",,,"https://twitter.com/GeminiStudio_/status/1508991441896611845",,,,"2022-03-17T07:58:31.000Z","false","BITCOIN & NFT EMPOWERMENT | NFT collector & Early Blockchain investment Company | Advisor and funded many startups!!","0","4","20963","21","false","1504365345846743045","false","2","","2","Gemini Studio","20963","https://pbs.twimg.com/profile_banners/1504365345846743045/1648712147","https://pbs.twimg.com/profile_images/1509434359484321796/YVB1KTM4_normal.jpg","false","GeminiStudio_","13","none",,"false",,,,,,,,,,,,,,,,,,,,,,,,,,,
"1509090031423655937","2022-03-30T08:47:55.000Z","1431","I'm proud to announce that my account has reached such an importance in NFT space that I have officially been tagged in tweets by more than 10-15 BAYC Founders.",,,,,,"1509090031423655937","137","48",,,"https://twitter.com/gCAN9k/status/1509090031423655937",,,,"2008-12-01T14:56:15.000Z","false","gm, I'm G // Multi-disciplinary Digital Connoisseur // Creator & Collector - Stay tuned // 🦇🔊","0","42167","3646","1446","true","17780205","false","55","Fomoverse","1736","gCAN.eth","3646","https://pbs.twimg.com/profile_banners/17780205/1629973078","https://pbs.twimg.com/profile_images/1460255942612824064/KwVGjGdE_normal.jpg","false","gCAN9k","10465","none",,"false",,,,,,,,,,,,,,,,,,,,,,,,,,,
"1509005640038973442","2022-03-30T03:12:35.000Z","1180","Keep calm &amp; collect NFTs.",,,,,,"1509005640038973442","623","105",,,"https://twitter.com/sergoldape/status/1509005640038973442",,,,"2022-01-25T22:45:51.000Z","false","","0","107","3296","2","false","1486108033637707780","false","6","","3","Ser Gold Ape 🦍","3296","https://pbs.twimg.com/profile_banners/1486108033637707780/1644956265","https://pbs.twimg.com/profile_images/1492259982741540867/6CBHQs7U_normal.jpg","false","sergoldape","46","none",,"false",,,,,,,,,,,,,,,,,,,,,,,,,,,
"1509335460291956738","2022-03-31T01:03:10.000Z","1207","As promised!!
Just retweet and follow to win a #Azuki NFT worth 19E 🚀 

Fuck, First 5,000 interaction only. 🚀 https://t.co/iC0QYNpFU5","Azuki",,,,,"1509335460291956738","438","1103",,,"https://twitter.com/Other_WorldNFT/status/1509335460291956738",,,,"2021-09-06T10:19:28.000Z","false","WELCOME  TO THE OTHER WORLD. A WORLD  OWNED BY ITS COMMUNITY  FOR ITS COMMUNITY  #METAVERSE","0","2","13035","30","false","1434823494336909313","false","3","Metaverse","4","THE OTHER WORLD NFT 🌎","13035","https://pbs.twimg.com/profile_banners/1434823494336909313/1648359566","https://pbs.twimg.com/profile_images/1507955355958931457/by6Esapy_normal.jpg","false","Other_WorldNFT","8","none",,"false",,,,,,,,,,,,,,,,,,,,,,,,,,,
"1509189348066934785","2022-03-30T15:22:34.000Z","1107","pro nft trader tip

buy so many nft bags you have no idea whats going on with most projects so you inevitably hold and some of them turn out great and make up for all the losers",,,,,,"1509189348066934785","81","103",,,"https://twitter.com/MoonOverlord/status/1509189348066934785",,,,"2017-12-07T03:10:32.000Z","false","crypto trader | NFT investor and collector | bigdog.eth","0","22585","190136","1258","true","938606626017370112","false","2697","1700 Goblin Town Lane","465","bigdog.eth PhD goblinomics","190136","https://pbs.twimg.com/profile_banners/938606626017370112/1643933864","https://pbs.twimg.com/profile_images/1502650044721217537/4SgvZDNN_normal.jpg","false","MoonOverlord","2487","none","https://t.co/tiySxpOI7X","false",,,,,,,,,,,,,,,,,,,,,,,,,,,
"1508842874007265281","2022-03-29T16:25:48.000Z","5132","What’s the most innovative project you’ve come across in NFT land lately? 🕵️",,,,,,"1508842874007265281","7676","1035",,,"https://twitter.com/Coinbase_NFT/status/1508842874007265281",,,,"2021-10-01T18:49:26.000Z","false","Introducing Coinbase NFT, a peer-to-peer marketplace for minting, purchasing, showcasing, and discovering NFTs.

Banner art by @shantell_martin","0","448","413799","173","false","1444011503275810822","false","2102","","96","Coinbase NFT","413799","https://pbs.twimg.com/profile_banners/1444011503275810822/1648482152","https://pbs.twimg.com/profile_images/1483958908611743746/FAk-Oc4W_normal.png","false","Coinbase_NFT","364","none","https://t.co/r4beQgLX1w","true",,,,,,,,,,,,,,,,,,,,,,,,,,,
"1509180515571617808","2022-03-30T14:47:28.000Z","1757","This Friday, 4/1 is the last day to KYC. If you want to be ready for what's coming, register now.👇

Also, the deadline is April Fools, so beware of scams. We are NOT launching anything Friday. If info doesn't come from our official @BoredApeYC or @yugalabs Twitter, it's not us.",,,,,,"1509180515571617808","258","460",,,"https://twitter.com/BoredApeYC/status/1509180515571617808",,,,"2021-04-12T20:02:42.000Z","false","To become a member, buy a Bored Ape or Mutant Ape on OpenSea. https://t.co/tGx2Lgsf4W

Discord: https://t.co/2Z7jqjX0z1
Created by @yugalabs","0","14943","802965","5470","true","1381699264011771906","false","4002","The Swamp","194","Bored Ape Yacht Club","802965","https://pbs.twimg.com/profile_banners/1381699264011771906/1618427569","https://pbs.twimg.com/profile_images/1446569222352654344/Uc-tml-6_normal.jpg","false","BoredApeYC","4595","none","https://t.co/lxh8bxjHit","true","1381699264011771906","Bored Ape Yacht Club","BoredApeYC","1357749263632109570","Yuga Labs","yugalabs",,,,,,,,,,,,,,,,,,,,,
"1508871845054861313","2022-03-29T18:20:56.000Z","1599","I get that we are early, but at least half the speakers at NFTLA have keep taking about how they don’t know really what NFTs really are and don’t have any. Which is, I mean… ugh.",,,,,,"1508871845054861313","263","102",,,"https://twitter.com/seanbonner/status/1508871845054861313",,,,"2006-07-14T05:41:35.000Z","false","Street Photographer / Misanthropologist / JPG Aficionado / @obeygiant @gmjplol @crisisdao @safecast / links: https://t.co/iHrBf61Aec / seanbonner.eth ᵍᵐ ᵐᶠᵉʳ","0","6568","18866","835","true","765","false","812","","3023","Sean Bonner Ⓥ ᵍᵐ ᵐᶠᵉʳ","18866","https://pbs.twimg.com/profile_banners/765/1644380394","https://pbs.twimg.com/profile_images/1498862654395326469/wka2d1qp_normal.png","false","seanbonner","12911","none","https://t.co/W6HFXxqV4b","true",,,,,,,,,,,,,,,,,,,,,,,,,,,
"1508779169991340038","2022-03-29T12:12:40.000Z","1431","Being in NFTs is a good indicator of having a mental illness. 🤝",,,,,,"1508779169991340038","192","162",,,"https://twitter.com/boredgentleman/status/1508779169991340038",,,,"2021-05-23T21:37:15.000Z","false","I'm very ape and I'm gambling on jpegs and magic internet money. 🦍🥃 🚬","0","110396","64574","3979","true","1396580879372275713","false","261","","2711","GBA","64574","https://pbs.twimg.com/profile_banners/1396580879372275713/1633803319","https://pbs.twimg.com/profile_images/1396581052148236295/zalp9SeA_normal.jpg","false","boredgentleman","29684","none","https://t.co/2zvW7fygxm","false",,,,,,,,,,,,,,,,,,,,,,,,,,,
"1508935773667667974","2022-03-29T22:34:57.000Z","1298","Do people that go to NFT conventions carry around a Pokédex of their favorite NFTs so they can show them off?",,,,,,"1508935773667667974","122","75",,,"https://twitter.com/greg16676935420/status/1508935773667667974",,,,"2021-02-02T02:48:53.000Z","false","im greg I like football and stocks and my birthday im from kentuckey. I'm a investor. I like to golf at the golf course @gregmultiverse","0","22766","240561","512","true","1356434353623093249","false","751","Kentucky, USA","3173","greg","240561","https://pbs.twimg.com/profile_banners/1356434353623093249/1615258701","https://pbs.twimg.com/profile_images/1495456522813464579/xxC2sWxK_normal.jpg","false","greg16676935420","21273","none",,"false",,,,,,,,,,,,,,,,,,,,,,,,,,,
"1509215881766883337","2022-03-30T17:08:00.000Z","1289","never thought I’d be posting this…but just sold my NFT for 80E! 

what floor should I sweep? 🧹🧹🧹

#fortheculture https://t.co/ayfWCrXpNz","fortheculture",,,,,"1509215881766883337","645","63",,,"https://twitter.com/itsorawan/status/1509215881766883337",,,,"2009-06-03T15:06:57.000Z","false","she/her 🧚🏼‍♀️☮️ | i invest, trade and write about web3✨ Founder, @forbes writer, investor & hobbyist artist 🖊 | #nfa #womeninnfts","0","10393","11129","2000","true","44376702","false","42","","296","orawan.eth 🌟🍌⛩","11129","https://pbs.twimg.com/profile_banners/44376702/1643204708","https://pbs.twimg.com/profile_images/1504270771337973760/bSN0IDWZ_normal.jpg","false","itsorawan","2706","none","https://t.co/PNE6zQeYD6","false",,,,,,,,,,,,,,,,,,,,,,,,,,,
"1509348927543291908","2022-03-31T01:56:41.000Z","1258","pov: you run into a project founder at nft la https://t.co/7giueF87ZJ",,,,,,"1509348927543291908","97","276",,,"https://twitter.com/kmoney_69/status/1509348927543291908",,,,"2021-06-15T00:55:32.000Z","false","part time stand up comic, full time degen. 👀marketing director for: @abductionsquad","0","5163","6945","456","true","1404603419101306881","false","13","","143","kmoney","6945","https://pbs.twimg.com/profile_banners/1404603419101306881/1647992267","https://pbs.twimg.com/profile_images/1499065878641479680/pl1CvYDv_normal.jpg","false","kmoney_69","2850","none","https://t.co/xuxiAku2WY","false",,,,,,,,,,,,,,,,,,,,,,,,,,,
"1509151611653918727","2022-03-30T12:52:37.000Z","1013","I spend all of my time on @Twitter reporting verified accounts scamming as @apecoin and @BoredApeYC founders https://t.co/Fy9ax8EydY",,,,,,"1509151611653918727","88","75",,,"https://twitter.com/bejado/status/1509151611653918727",,,,"2021-03-05T22:46:26.000Z","false","BAYC 148 // Designer & Artist // New Dad 🍌🖥🎨👶","0","13487","4526","2671","true","1367969721501507592","false","31","","1336","bejado.eth","4526","https://pbs.twimg.com/profile_banners/1367969721501507592/1647895990","https://pbs.twimg.com/profile_images/1484259171851767809/i-vJ_jzc_normal.png","false","bejado","3074","none","https://t.co/Y7Zh5uBLH3","false","783214","Twitter","Twitter","1489018530511175681","ApeCoin","apecoin","1381699264011771906","Bored Ape Yacht Club","BoredApeYC",,,,,,,,,,,,,,,,,,
"1509006292270161922","2022-03-30T03:15:10.000Z","1004","Drop your #NFT 🖼️
I will check you all ✨","NFT",,,,,"1509006292270161922","1406","100",,,"https://twitter.com/MelonyWhiteArt/status/1509006292270161922",,,,"2021-08-29T21:39:26.000Z","false","Art = https://t.co/dXiqpMytMD
https://t.co/LmqaNBZHnW
My Gallery:https://t.co/QJsiyEgaXL
Instagram: https://t.co/fWnyMOlVCL
#nftartist #nftcollector","0","24343","8431","1677","false","1432095361699622922","false","20","","1490","Melony White","8431","https://pbs.twimg.com/profile_banners/1432095361699622922/1639608146","https://pbs.twimg.com/profile_images/1432095643263242244/RWhHabmq_normal.jpg","false","MelonyWhiteArt","10253","none",,"false",,,,,,,,,,,,,,,,,,,,,,,,,,,
"1508934855387942912","2022-03-29T22:31:18.000Z","967","Who actually collects Music NFTs?

Either I live in a bubble and have met 0 collectors or there’s very little collector demand for it in its current form.",,,,,,"1508934855387942912","396","57",,,"https://twitter.com/DCLBlogger/status/1508934855387942912",,,,"2018-05-19T05:47:19.000Z","false","NFT OBSESSED. Featured on @garyvee, @CBCRadio, @coindesk, @reuters. Founder @themetakey, Follow My NFT YouTube 👇","0","11054","211850","173","true","997715301545361408","false","3162","","2226","Matty","211850","https://pbs.twimg.com/profile_banners/997715301545361408/1627633588","https://pbs.twimg.com/profile_images/1472740175130230784/L7Xcs7wJ_normal.jpg","false","DCLBlogger","18985","none","https://t.co/kRrMpTyHy9","true",,,,,,,,,,,,,,,,,,,,,,,,,,,
"1508938709160312832","2022-03-29T22:46:37.000Z","932","Most fateful day of the last decade for 6529

""Let me go see what this OpenSea thing is""

Buys 0.01ETH NFT ""just to see what this is all about""",,,,,,"1508938709160312832","56","40",,,"https://twitter.com/punk6529/status/1508938709160312832",,,,"2021-05-01T13:36:46.000Z","false","https://t.co/7XzSyeUuDO
AB+1 gallery beta: https://t.co/tTYcQrxQ4Z
6529 photography: https://t.co/5kk89VyJTz
6529 gm: https://t.co/3AVx7gS6uo","0","23730","306967","2449","true","1388487332093997057","false","5647","The Open Metaverse","751","6529","306967","https://pbs.twimg.com/profile_banners/1388487332093997057/1641813943","https://pbs.twimg.com/profile_images/1440017111531855879/A4p6F07H_normal.jpg","false","punk6529","20369","none","https://t.co/p7hfrjPOPs","false",,,,,,,,,,,,,,,,,,,,,,,,,,,
"1508888316808253448","2022-03-29T19:26:23.000Z","899","Merch has become the biggest clown show in the NFT space. Can we put merch drops on pause until P2E games are functional?",,,,,,"1508888316808253448","125","50",,,"https://twitter.com/DiscoverXnft/status/1508888316808253448",,,,"2021-08-15T02:27:42.000Z","false","NFT Degen + Shitpost Connoisseur. | MAYC #7450 | No Promos 🤡 |","0","64141","40306","3013","true","1426732252768182281","false","282","","3303","ThreadGuy.eth 👑","40306","https://pbs.twimg.com/profile_banners/1426732252768182281/1648703847","https://pbs.twimg.com/profile_images/1496865730586976262/iWWD7yx-_normal.jpg","false","DiscoverXnft","30346","none",,"false",,,,,,,,,,,,,,,,,,,,,,,,,,,
"1508996077550194688","2022-03-30T02:34:35.000Z","892","People quit their 9-5 to trade NFTs 24/7",,,,,,"1508996077550194688","95","71",,,"https://twitter.com/NFTsAreNice/status/1508996077550194688",,,,"2019-09-16T23:43:42.000Z","false","NFT memes & 0 financial advice | MAYC #6569","0","26366","9773","3693","true","1173744255099166725","false","35","Your girlfriend’s house ","1157","MenaceToSociety 🥶","9773","https://pbs.twimg.com/profile_banners/1173744255099166725/1647756605","https://pbs.twimg.com/profile_images/1502520447988084738/ZwYKjoTU_normal.jpg","false","NFTsAreNice","18485","none",,"false",,,,,,,,,,,,,,,,,,,,,,,,,,,
"1509145766295748613","2022-03-30T12:29:23.000Z","839","Drop your Nft art 👇👀

I collect.",,,,,,"1509145766295748613","1210","77",,,"https://twitter.com/NFT_enthusiasts/status/1509145766295748613",,,,"2021-09-02T19:36:00.000Z","false","#NFTCollector / #Supporter / TezoTopian Paladin / 
Want to join me playing TezoTopia? Write me a DM 📩! #playtoearn

ART - https://t.co/kzS86kNzqn","0","20666","27778","9063","true","1433513997077209094","false","58","Northern Germany ","1517","♦️ Nick - NFT ♦️","27778","https://pbs.twimg.com/profile_banners/1433513997077209094/1645626980","https://pbs.twimg.com/profile_images/1496188894110490635/fbROH710_normal.jpg","false","NFT_enthusiasts","24923","none","https://t.co/XrxpqrFZ36","false",,,,,,,,,,,,,,,,,,,,,,,,,,,
"1509179800958681093","2022-03-30T14:44:38.000Z","827","1. How to successfully sell your art as NFTs - some thoughts and advice.

👇",,,,,,"1509179800958681093","78","183",,,"https://twitter.com/osf_nft/status/1509179800958681093",,,,"2021-03-03T02:13:25.000Z","false","Investor in Web3/NFTs | Co-Founder of @CanaryNFT & @DegenzNFT | Host on @RugRadio | Team at @FlipsFinance | Artist on @SuperRare | Former TradFi Trader","0","47145","72348","862","true","1366934666201202689","false","866","London, England","1515","OSF","72348","https://pbs.twimg.com/profile_banners/1366934666201202689/1646333240","https://pbs.twimg.com/profile_images/1508810123120156690/0gjB6ApC_normal.jpg","false","osf_nft","17622","none","https://t.co/wf4PiOz1Dx","false",,,,,,,,,,,,,,,,,,,,,,,,,,,
"1508972495155646471","2022-03-30T01:00:52.000Z","805","I support NFT artists !
Drop your Work
I'll Retweet and might Buy Some",,,,,,"1508972495155646471","1143","103",,,"https://twitter.com/NftsBuy/status/1508972495155646471",,,,"2021-04-02T14:28:21.000Z","false","NFT artist and collector
https://t.co/LKCq9gvOfO
https://t.co/rkDxoTsSIS
https://t.co/C7LxJ4IPeK","0","21800","4071","1599","true","1377991206567874561","false","13","Chicago ","2361","Intriguing Art","4071","https://pbs.twimg.com/profile_banners/1377991206567874561/1629854438","https://pbs.twimg.com/profile_images/1501921212385140736/Ck04GAeh_normal.jpg","false","NftsBuy","13696","none","https://t.co/hziqaLsGiI","false",,,,,,,,,,,,,,,,,,,,,,,,,,,
"1508776233294831623","2022-03-29T12:01:00.000Z","728","I'm BUYING #NFTs from Followers
Are You SELLING?
DROP your #NFT 👇👇","NFTs","NFT",,,,"1508776233294831623","987","79",,,"https://twitter.com/S_Carmichel/status/1508776233294831623",,,,"2022-01-10T20:30:24.000Z","false","#NFT COLLECTOR #Crypto INVESTOR supporting the #NFTcommunity BUYING from Followers 🎨 ART is NOT a Project, it's a PASSION","0","32216","8448","539","false","1480638003315822592","false","20","3rd Rock","30","Scott Carmichel","8448","https://pbs.twimg.com/profile_banners/1480638003315822592/1647099692","https://pbs.twimg.com/profile_images/1502686841014669313/p_RNE1J3_normal.jpg","false","S_Carmichel","106","none",,"false",,,,,,,,,,,,,,,,,,,,,,,,,,,
"1509055531830456320","2022-03-30T06:30:50.000Z","700","Drop your #NFT for fast sale 👀","NFT",,,,,"1509055531830456320","1012","76",,,"https://twitter.com/changerart/status/1509055531830456320",,,,"2021-03-03T15:03:09.000Z","false","#NFT Creator & Collector | Join the @changerpunk club | Discord: https://t.co/PyfKuVTC5x","0","12033","22204","3294","false","1367128396908670981","false","48","Metaverse","123","Changer","22204","https://pbs.twimg.com/profile_banners/1367128396908670981/1636103706","https://pbs.twimg.com/profile_images/1472178528632328197/DBq_Yzt1_normal.jpg","false","changerart","1026","none","https://t.co/2C6PQQKZ33","false",,,,,,,,,,,,,,,,,,,,,,,,,,,
"1508924204137140226","2022-03-29T21:48:59.000Z","693","NFTs from @SuperRare will be available on @foundation this week.

Support for @manifoldxyz to follow shortly thereafter.",,,,,,"1508924204137140226","100","95",,,"https://twitter.com/saturnial/status/1508924204137140226",,,,"2009-06-16T18:30:11.000Z","false","CEO, cofounder @foundation 🌐","0","66847","26174","3239","true","47701302","false","434","🕳","806","Kayvon (saturnial.eth)","26174","https://pbs.twimg.com/profile_banners/47701302/1623646144","https://pbs.twimg.com/profile_images/1357013954065620997/V6QihRmK_normal.jpg","false","saturnial","11034","none","https://t.co/qWsujzBGE7","false","980935731794403328","SuperRare 💎","SuperRare","1232540254457847808","Foundation 🌐","foundation","1376640140429303810","manifold.xyz (マ,マ)","manifoldxyz",,,,,,,,,,,,,,,,,,
"1509012897699176448","2022-03-30T03:41:25.000Z","686","Drop your NFT 🔥👀",,,,,,"1509012897699176448","901","79",,,"https://twitter.com/SkurpySocial/status/1509012897699176448",,,,"2020-02-04T21:52:14.000Z","false","Skurpy is a brand new social media platform for NFTs & Crypto.","0","23681","30594","776","false","1224812905088143366","false","88","The Metaverse","224","Skurpy","30594","https://pbs.twimg.com/profile_banners/1224812905088143366/1637818653","https://pbs.twimg.com/profile_images/1472120001972875265/R3Dr-Cf1_normal.jpg","false","SkurpySocial","609","none","https://t.co/rUpckiETos","false",,,,,,,,,,,,,,,,,,,,,,,,,,,
"1508725884978561027","2022-03-29T08:40:56.000Z","4146","Investing 100% of my net worth in NFTs has taught me a lot. Mostly, that my family thinks I’m an idiot",,,,,,"1508725884978561027","220","325",,,"https://twitter.com/olucasedx/status/1508725884978561027",,,,"2009-11-16T19:20:57.000Z","false","The Future Starts Today
#NFTs #NFTCommunity #BATC #MAYC","0","311","1421","2404","false","90462790","false","0","","0","lucas","1421","https://pbs.twimg.com/profile_banners/90462790/1647846586","https://pbs.twimg.com/profile_images/1505803784848433155/MDlAyP4j_normal.jpg","false","olucasedx","89","none",,"false",,,,,,,,,,,,,,,,,,,,,,,,,,,
"1509277383257427973","2022-03-30T21:12:23.000Z","1922","So you want to launch an NFT project?

Prove to us that you’re here to create value, not extract it.",,,,,,"1509277383257427973","472","282",,,"https://twitter.com/mattmedved/status/1509277383257427973",,,,"2009-03-11T00:08:38.000Z","false","Co-Founder & CEO, @nftnow 💭 Storyteller in words, images and music. On a mission to empower the creators of culture.","0","93539","126918","5475","true","23687471","false","1212","medved.eth","1826","medved","126918","https://pbs.twimg.com/profile_banners/23687471/1648655920","https://pbs.twimg.com/profile_images/1508781549369634823/UGkZKhf1_normal.jpg","false","mattmedved","16320","none","https://t.co/4YGDGoZgl4","true",,,,,,,,,,,,,,,,,,,,,,,,,,,
"1509231739260055560","2022-03-30T18:11:01.000Z","978","My babygirl turns 1 year tomorrow. 💝🥳What NFT should i buy for her birthday?🤔",,,,,,"1509231739260055560","718","46",,,"https://twitter.com/Dario_Desiena/status/1509231739260055560",,,,"2014-09-04T12:02:30.000Z","false","NFT-Artist /Painting-Artist / NFT Collector 🤟Punk #7878 / MAYC, Cool Cats, Gutter Cats, Doodles, 0n1, Alien Frens, Degen Toonz https://t.co/W1WHOuSLgx @mindds","0","48389","38648","2804","true","2789708203","false","324","zürich -schweiz","2441","Dario De Siena","38648","https://pbs.twimg.com/profile_banners/2789708203/1648063983","https://pbs.twimg.com/profile_images/1496571644667645952/AuVLxaLh_normal.jpg","false","Dario_Desiena","19694","none","https://t.co/OsdcSpHUim","false",,,,,,,,,,,,,,,,,,,,,,,,,,,
"1508878371652091913","2022-03-29T18:46:52.000Z","868","Just painting a sculpture of #BAYC 354 for my youngest collector @CryptoBapey  ❤️

This new generation is so amazing! At her age, I was beating nettles with a stick 😂

#NFT #BoredApeYC https://t.co/nR7pLhhFcR","BAYC","NFT","BoredApeYC",,,"1508878371652091913","63","79",,,"https://twitter.com/polly_kole/status/1508878371652091913",,,,"2021-04-07T12:36:25.000Z","false","First NFT sculptor🦄

All my artworks:
https://t.co/0cugwVYzND

#nft #nftart #cryptoart #cryptoartist","0","15275","16587","2083","true","1379775029194457089","false","76","","129","Polly Kole ⭕️","16587","https://pbs.twimg.com/profile_banners/1379775029194457089/1617800464","https://pbs.twimg.com/profile_images/1489598137442447374/gHG_hRyG_normal.png","false","polly_kole","2757","none","https://t.co/cEFp2Agt1T","false","1449481986670800898","Crypto 🐱 Ket","CryptoBapey",,,,,,,,,,,,,,,,,,,,,,,,
"1508844335776903168","2022-03-29T16:31:37.000Z","848","Drop your NFT 🧐",,,,,,"1508844335776903168","1210","85",,,"https://twitter.com/ArtvisionNFT/status/1508844335776903168",,,,"2021-08-28T23:59:37.000Z","false","Digital artist | Photographer | NFT artist | NFT collector | artvision.nftpro@gmail.com

Anna, art lover | https://t.co/DHaXNZMGrF

cover @cryptopeng1","0","160014","91214","8400","true","1431768395993780229","false","209","","4418","Artvisionᴺᶠᵀ","91214","https://pbs.twimg.com/profile_banners/1431768395993780229/1642968905","https://pbs.twimg.com/profile_images/1503471673537974276/trv3ItH9_normal.jpg","false","ArtvisionNFT","70743","none","https://t.co/OtOR6bgoxS","false",,,,,,,,,,,,,,,,,,,,,,,,,,,
"1508933299313561608","2022-03-29T22:25:07.000Z","809","Your occasional reminder that, even at 6529's budget, the number of NFTs you want exceeds the number of NFTs you can afford, by, approximately, ""infinity""

So just know that this hedonic treadmill has no end.  You will always be longing for more.",,,,,,"1508933299313561608","59","81",,,"https://twitter.com/punk6529/status/1508933299313561608",,,,"2021-05-01T13:36:46.000Z","false","https://t.co/7XzSyeUuDO
AB+1 gallery beta: https://t.co/tTYcQrxQ4Z
6529 photography: https://t.co/5kk89VyJTz
6529 gm: https://t.co/3AVx7gS6uo","0","23730","306967","2449","true","1388487332093997057","false","5647","The Open Metaverse","751","6529","306967","https://pbs.twimg.com/profile_banners/1388487332093997057/1641813943","https://pbs.twimg.com/profile_images/1440017111531855879/A4p6F07H_normal.jpg","false","punk6529","20369","none","https://t.co/p7hfrjPOPs","false",,,,,,,,,,,,,,,,,,,,,,,,,,,
"1508914862386298880","2022-03-29T21:11:52.000Z","686","I’m not genuinely upset about Opensea adding Sol NFTs.. it was bound to happen. I’m upset because current Opensea is still terrible and can hardly support Eth NFTs as is. Why scale before perfecting the foundation ?",,,,,,"1508914862386298880","86","49",,,"https://twitter.com/DiscoverXnft/status/1508914862386298880",,,,"2021-08-15T02:27:42.000Z","false","NFT Degen + Shitpost Connoisseur. | MAYC #7450 | No Promos 🤡 |","0","64141","40306","3013","true","1426732252768182281","false","282","","3303","ThreadGuy.eth 👑","40306","https://pbs.twimg.com/profile_banners/1426732252768182281/1648703847","https://pbs.twimg.com/profile_images/1496865730586976262/iWWD7yx-_normal.jpg","false","DiscoverXnft","30346","none",,"false",,,,,,,,,,,,,,,,,,,,,,,,,,,
"1508846283548626944","2022-03-29T16:39:21.000Z","648","colnbase forcing the social media intern to post from the NFT account https://t.co/NbTl4J1yDs",,,,,,"1508846283548626944","34","72",,,"https://twitter.com/bivnft/status/1508846283548626944",,,,"2009-01-11T21:57:25.000Z","false","sticker maxi | i post beers on fri and newsletters on wed | team @everydayaliens | BivNFT newsletter ⬇️","0","87052","4204","3529","true","18881254","false","26","San Diego, CA","1537","biv.eth | Everyday Aliens","4204","https://pbs.twimg.com/profile_banners/18881254/1647643022","https://pbs.twimg.com/profile_images/1499866118994862081/tSaY_ooG_normal.jpg","false","bivnft","9791","none","https://t.co/GEWoFK7Fmp","false",,,,,,,,,,,,,,,,,,,,,,,,,,,
"1509266848092676100","2022-03-30T20:30:32.000Z","634","I invested ~$150,000 into $LOOKS and it has already yielded ~$55,000 in a few short months. 

JPEGs are nice to look at, but good returns can be made on NFT tokens which generally have better liquidity and volume. Stay hungry! https://t.co/KbxYdeSJGy",,,,,,"1509266848092676100","44","60","LOOKS",,"https://twitter.com/seedphrase/status/1509266848092676100",,,,"2015-02-01T01:08:31.000Z","false","CryptoPunk turned DJ @partydegens","0","9279","159814","969","true","3005650652","false","1897","metaverse","174","seedphrase.eth","159814","https://pbs.twimg.com/profile_banners/3005650652/1635869230","https://pbs.twimg.com/profile_images/1491477987962806274/TG9JhxIB_normal.png","false","seedphrase","1666","none","https://t.co/BStFltbtoG","true",,,,,,,,,,,,,,,,,,,,,,,,,,,
"1508822414892969987","2022-03-29T15:04:30.000Z","583","I can’t stress this enough but even if you’ve made 7 figures from NFTs, make sure that you have a form of passive income.

That could be a salary working for a Web3 company or property. Don’t eat into your actual portfolio.",,,,,,"1508822414892969987","45","45",,,"https://twitter.com/Loopifyyy/status/1508822414892969987",,,,"2017-05-28T09:27:10.000Z","false","building @TheTreeverse & @interleaveCC 🤖

i am a jpeg enthusiast and write threads","0","46983","173606","1622","true","868760548674072576","false","2329","(🌱)","2440","Loopify 🧙‍♂️","173606","https://pbs.twimg.com/profile_banners/868760548674072576/1639826796","https://pbs.twimg.com/profile_images/1480550067564163078/D90SnyUa_normal.jpg","false","Loopifyyy","53948","none","https://t.co/EEdHUqkPh5","false",,,,,,,,,,,,,,,,,,,,,,,,,,,
"1508754201379319813","2022-03-29T10:33:27.000Z","563","Drop your coolest NFT! Collectors &amp; I are buying ✅",,,,,,"1508754201379319813","733","66",,,"https://twitter.com/joshwax_/status/1508754201379319813",,,,"2021-03-05T14:37:56.000Z","false","Marketing Consultant. Collecting NFTs, cards and art.
Early supporter of Mekaverse

#nft #art #eth","0","17446","35696","503","true","1367846749746921472","false","210","Worldwide ","1000","Josh Wax ⚔️","35696","https://pbs.twimg.com/profile_banners/1367846749746921472/1645110223","https://pbs.twimg.com/profile_images/1494332084546011140/eScqOBo3_normal.jpg","false","joshwax_","5979","none",,"false",,,,,,,,,,,,,,,,,,,,,,,,,,,
"1509232735558443008","2022-03-30T18:14:59.000Z","557","I’m buying a NFT from my community!

Make sure you turn on my profile (🔔)

Drop your NFT 💎👇",,,,,,"1509232735558443008","747","73",,,"https://twitter.com/SkurpySocial/status/1509232735558443008",,,,"2020-02-04T21:52:14.000Z","false","Skurpy is a brand new social media platform for NFTs & Crypto.","0","23681","30594","776","false","1224812905088143366","false","88","The Metaverse","224","Skurpy","30594","https://pbs.twimg.com/profile_banners/1224812905088143366/1637818653","https://pbs.twimg.com/profile_images/1472120001972875265/R3Dr-Cf1_normal.jpg","false","SkurpySocial","609","none","https://t.co/rUpckiETos","false",,,,,,,,,,,,,,,,,,,,,,,,,,,
"1508848283573272583","2022-03-29T16:47:18.000Z","554","Drop your NFT 👇
I’ll buy it 🌞",,,,,,"1508848283573272583","786","75",,,"https://twitter.com/nftdreami/status/1508848283573272583",,,,"2021-11-04T18:31:48.000Z","false","Nft babyours🌸 nft promoder🥳. nftlover💜","0","4871","12613","286","false","1456328277589921793","false","43","Miami, FL","6","nftdream","12613","https://pbs.twimg.com/profile_banners/1456328277589921793/1647977838","https://pbs.twimg.com/profile_images/1502399351183847425/kPK9xgpi_normal.jpg","false","nftdreami","3512","none",,"false",,,,,,,,,,,,,,,,,,,,,,,,,,,
"1509188458723835909","2022-03-30T15:19:02.000Z","547","First Giveaway🌍

Giving away 1 of our #MAYC worth 22E 🚀

Like + Retweet + Follow us ✨ 

FUCKING  READ!! THIS NFT WILL CHANGE YOUR LIFE https://t.co/qGzHxXQKBo","MAYC",,,,,"1509188458723835909","166","501",,,"https://twitter.com/walking_ape/status/1509188458723835909",,,,"2022-02-12T11:20:58.000Z","false","2,000 Ape on a walk in the metaverse, like never seen before.
Discord https://t.co/MPyxzTHPwj - Stealth Launch! Degen Play! No WL Grinding!","0","21","32189","120","false","1492458654033129473","false","8","","37","Walking ape","32189","https://pbs.twimg.com/profile_banners/1492458654033129473/1644861234","https://pbs.twimg.com/profile_images/1493282983092326400/2TEyC22U_normal.jpg","false","walking_ape","74","none",,"false",,,,,,,,,,,,,,,,,,,,,,,,,,,
"1508883231726358531","2022-03-29T19:06:10.000Z","518","the time is now. buy that special nft",,,,,,"1508883231726358531","446","46",,,"https://twitter.com/kokid951/status/1508883231726358531",,,,"2010-03-01T09:21:52.000Z","false","MMA Fighter that loves NFTs & WEED road to 1,000 NFTs 🎨 NFTcollector @WhoopeeWalrus @_xWaifus ⚔️ @PiratesMeta 🏴‍☠️ @Voxels_NFT 👻 @SiSnft 🧘🏻 @MetaBotsP2E 🤖","0","698375","105967","5643","true","118639757","false","430","Costa Mesa, CA","2228","Keith “NFT kid” Berry","105967","https://pbs.twimg.com/profile_banners/118639757/1637938413","https://pbs.twimg.com/profile_images/1506754268031725572/HWq2OAmv_normal.jpg","false","kokid951","42551","none","https://t.co/7MWkHUFZ9v","true",,,,,,,,,,,,,,,,,,,,,,,,,,,
"1508961481689382913","2022-03-30T00:17:07.000Z","495","Drop your #NFT ✅
No Links Please 🚫
⬇️⬇️⬇️⬇️⬇️⬇️⬇️⬇️⬇️","NFT",,,,,"1508961481689382913","775","59",,,"https://twitter.com/VigilanteArtist/status/1508961481689382913",,,,"2010-07-21T23:30:31.000Z","false","Pop Artist - Digital Artist - Founder of iArt Movement 💜⁷ NFT 
 https://t.co/3UbXmBbGGo","0","204765","583364","26524","false","169272033","false","424","Miami,Florida","11330","Alejandro Vigilante","583364","https://pbs.twimg.com/profile_banners/169272033/1633966879","https://pbs.twimg.com/profile_images/1464440610891444231/L1x5wCCQ_normal.jpg","false","VigilanteArtist","61878","regular","https://t.co/MD7PcyeiKB","true",,,,,,,,,,,,,,,,,,,,,,,,,,,
"1508731922364567552","2022-03-29T09:04:55.000Z","487","Everyone on NFT Twitter getting verified now lol 😆",,,,,,"1508731922364567552","61","36",,,"https://twitter.com/BentoBoiNFT/status/1508731922364567552",,,,"2021-02-04T09:26:32.000Z","false","Jpeg Collector and Crypto Enthusiast | Not an influencer just a degenerate | @SquishySquadNFT & @WGMI_studios Co-Founder","0","6021","257145","938","false","1357259205191766016","false","1025","Hawaii, USA","533","BentoBoi","257145","https://pbs.twimg.com/profile_banners/1357259205191766016/1637053452","https://pbs.twimg.com/profile_images/1488749186610728960/4POimDrS_normal.jpg","false","BentoBoiNFT","3241","none","https://t.co/6re21BWBj3","true",,,,,,,,,,,,,,,,,,,,,,,,,,,
"1509385890912776194","2022-03-31T04:23:34.000Z","494","I'd argue that like 95% of NFT projects don't have actual utility. 

Projects can say they have utility all they want, but I don't think we have even begun to scratch the surface of true utility in NFTs. 

Keep an eye out for the projects that are trying something new. 👀",,,,,,"1509385890912776194","145","95",,,"https://twitter.com/TheShamdoo/status/1509385890912776194",,,,"2019-04-27T18:52:03.000Z","false","No promos. No promos. No promos. 
Founder - @headdaonft 
Marketing - @KuddleKoalas","0","33622","104210","6317","true","1122211825452556288","false","860","Frisco, TX","3598","shamdoo.eth","104210","https://pbs.twimg.com/profile_banners/1122211825452556288/1633807296","https://pbs.twimg.com/profile_images/1507165261010542597/8pjmdibA_normal.jpg","false","TheShamdoo","38826","none",,"true",,,,,,,,,,,,,,,,,,,,,,,,,,,
"1508888938206826497","2022-03-29T19:28:51.000Z","447","still crazy that coinbase NFT originally announced a 2021 launch and it's about to be april

opensea is that main character in an action movie where all the henchmen are just missing their shots wildly bc of plot armor",,,,,,"1508888938206826497","36","32",,,"https://twitter.com/GiancarloChaux/status/1508888938206826497",,,,"2015-08-20T15:11:26.000Z","false","follow me for tweets on NFTs and web 3 | I don't do promos

discord: https://t.co/3wrg9IHGna","0","3256","68175","916","true","3432951370","false","558","","191","Giancarlo","68175",,"https://pbs.twimg.com/profile_images/1468721434771935233/2VlepeLE_normal.jpg","false","GiancarloChaux","2111","none","https://t.co/9NNfkgVUW6","false",,,,,,,,,,,,,,,,,,,,,,,,,,,
"1508753410069344257","2022-03-29T10:30:18.000Z","445","Yesterday we bought 1 Million $RARE tokens at an average price of $0.69 per token, for a total of 690K USD.

Why?

We strongly believe in NFTs and we love SuperRare (at the moment we are the 17th collector ever on SR).

And also because we have big plans for Poseidon DAO 🤫",,,,,,"1508753410069344257","96","40","RARE",,"https://twitter.com/Poseidon_SF/status/1508753410069344257",,,,"2020-08-19T14:57:33.000Z","false","A DAO that invests in the NFT space, poised to capture history’s greatest new tech. 👇","0","18127","33705","703","true","1296098960986312705","false","175","poseidondaonft.eth","386","Poseidon NFT DAO","33705","https://pbs.twimg.com/profile_banners/1296098960986312705/1643323390","https://pbs.twimg.com/profile_images/1492490764345036808/hxy2Qky7_normal.jpg","false","Poseidon_SF","5852","none","https://t.co/AwGl1Dbq3a","false",,,,,,,,,,,,,,,,,,,,,,,,,,,
"1509149354212265986","2022-03-30T12:43:39.000Z","6125","Get ready for the reveal.
Any interaction with this tweet will be considered for a Kiwami NFT giveaway. https://t.co/JZHj5fLzAl",,,,,,"1509149354212265986","2290","3236",,,"https://twitter.com/KiwamiNFT/status/1509149354212265986",,,,"2022-01-28T00:57:57.000Z","false","Designed in the Metaverse | Born in Japan. OpenSea https://t.co/0h6dqCNxBx","0","3689","40390","0","false","1486866037320863744","false","70","Ethereum","33","Kiwami","40390","https://pbs.twimg.com/profile_banners/1486866037320863744/1644020050","https://pbs.twimg.com/profile_images/1507731698515349507/ArQrPFCt_normal.jpg","false","KiwamiNFT","69","none","https://t.co/rwPEK3Zfkf","false",,,,,,,,,,,,,,,,,,,,,,,,,,,
"1508791295669538818","2022-03-29T13:00:51.000Z","4001","New button!

Click the “Chat 💬” button to send a message to the owner of an individual NFT or to an account on #LooksRare.

We partnered with @etherscan to make this possible by utilizing Blockscan Chat, and will be working with them to provide chat notifications in the future. https://t.co/r6NfUFLibv","LooksRare",,,,,"1508791295669538818","289","932",,,"https://twitter.com/LooksRareNFT/status/1508791295669538818",,,,"2021-08-17T09:06:09.000Z","false","Join the community https://t.co/Xzhg0cothd","0","2632","210034","241","false","1427557319500472325","false","1102","","309","LooksRare - NFT Marketplace","210034","https://pbs.twimg.com/profile_banners/1427557319500472325/1642499153","https://pbs.twimg.com/profile_images/1493172984240308225/Nt6RFdmb_normal.jpg","false","LooksRareNFT","1411","none","https://t.co/r8YDd2wHOv","false","3313312856","“The Etherscan”","etherscan",,,,,,,,,,,,,,,,,,,,,,,,
"1509307408908173312","2022-03-30T23:11:42.000Z","3372","imagine getting a WL for a free mint that has a low 333 supply and that has huge utility to generate you more ETH while holding the free nft.. I got a WL for yall.. who wants?",,,,,,"1509307408908173312","1400","726",,,"https://twitter.com/AmeerHussainn/status/1509307408908173312",,,,"2015-05-15T01:04:12.000Z","false","founder & creative director @darkechelonnft NO PAID PROMOS! @bridge3_","0","3448","237971","330","true","3195799826","false","571","","395","Ameer Hussain","237971","https://pbs.twimg.com/profile_banners/3195799826/1646282275","https://pbs.twimg.com/profile_images/1479875551724769285/ZAenOdou_normal.jpg","false","AmeerHussainn","3527","none","https://t.co/umGQbTgzVc","true",,,,,,,,,,,,,,,,,,,,,,,,,,,
"1509188971498196998","2022-03-30T15:21:04.000Z","2870","My biggest giveaway for you guys! 

I’ll send 20 people a nft or $ape who retweet , like and follow me. good luck! 🐳",,,,,,"1509188971498196998","865","2493","ape",,"https://twitter.com/DrinkZEO/status/1509188971498196998",,,,"2012-01-12T15:32:20.000Z","false","19. NFT Degen and Web3 Enthusiast.🌴 DM for promo.","0","1904","60721","716","true","462105651","false","92","Miami, FL","33","ZEO","60721","https://pbs.twimg.com/profile_banners/462105651/1648300952","https://pbs.twimg.com/profile_images/1508919947610804235/IAefOjdk_normal.jpg","false","DrinkZEO","158","none",,"true",,,,,,,,,,,,,,,,,,,,,,,,,,,
"1508962928963194881","2022-03-30T00:22:52.000Z","1139","1/21

Today I was kicked from the discord server of Everyrealm for voicing my concerns with the GFT Atari project. They booted the #1 holder of this NFT (aka their largest bag holder).

🧵👇",,,,,,"1508962928963194881","119","272",,,"https://twitter.com/mathieutebele/status/1508962928963194881",,,,"2011-09-17T04:51:17.000Z","false","Co-founder @rendezvouseq | Tweets are not financial advice","0","5230","4143","1196","true","374899929","false","36","New York, USA","95","Mathieu | Rendezvous Equity","4143","https://pbs.twimg.com/profile_banners/374899929/1644961954","https://pbs.twimg.com/profile_images/1496117989980188674/26Y-oerU_normal.png","false","mathieutebele","709","none","https://t.co/KvzwF5Acw2","false",,,,,,,,,,,,,,,,,,,,,,,,,,,
"1509309632400875523","2022-03-30T23:20:32.000Z","660","Which other game, NFT or not is doing this?... Real innovation and adding the next dimension to in-game interaction. 

MPH is more than an NFT and more than a P2E game. Its a whole different animal!... 

#karrotgang #P2E #NFTs https://t.co/3QeGYKKs72","karrotgang","P2E","NFTs",,,"1509309632400875523","66","235",,,"https://twitter.com/luke_skyhopper/status/1509309632400875523",,,,"2021-11-26T00:05:28.000Z","false","Follow the rabbit trail... vive la résistance!","0","3","628","1","false","1464022425096572933","false","0","The Rabbit Hole","2","Luke Skyhopper","628","https://pbs.twimg.com/profile_banners/1464022425096572933/1638200584","https://pbs.twimg.com/profile_images/1465345570466316292/R_70fjQc_normal.jpg","false","luke_skyhopper","9","none",,"false",,,,,,,,,,,,,,,,,,,,,,,,,,,
"1508762571385577476","2022-03-29T11:06:43.000Z","544","Drop your best NFT under 1 $ETH

DROP         RT            LIKE
👇             👇              👇",,,,,,"1508762571385577476","672","122","ETH",,"https://twitter.com/nft_finley/status/1508762571385577476",,,,"2019-07-18T18:09:22.000Z","false","31 | Investor & Photographer | @OpenSea & @Rarible | Crypto & NFTS | #NFT collector & creator | https://t.co/uHZqecJzch","0","29499","5397","5068","true","1151916888219410433","false","18","OpenSea, USA","477","Finley ","5397","https://pbs.twimg.com/profile_banners/1151916888219410433/1645878543","https://pbs.twimg.com/profile_images/1485016708058423302/8ub6xShV_normal.jpg","false","nft_finley","7900","none","https://t.co/B1ypqn5rAl","false",,,,,,,,,,,,,,,,,,,,,,,,,,,
"1508934175730114567","2022-03-29T22:28:36.000Z","480","NFTs are low in calories, low in saturated fat, low in sugar and low in carbs.

They can be safely worked into any diet plan.",,,,,,"1508934175730114567","83","30",,,"https://twitter.com/punk6529/status/1508934175730114567",,,,"2021-05-01T13:36:46.000Z","false","https://t.co/7XzSyeUuDO
AB+1 gallery beta: https://t.co/tTYcQrxQ4Z
6529 photography: https://t.co/5kk89VyJTz
6529 gm: https://t.co/3AVx7gS6uo","0","23730","306967","2449","true","1388487332093997057","false","5647","The Open Metaverse","751","6529","306967","https://pbs.twimg.com/profile_banners/1388487332093997057/1641813943","https://pbs.twimg.com/profile_images/1440017111531855879/A4p6F07H_normal.jpg","false","punk6529","20369","none","https://t.co/p7hfrjPOPs","false",,,,,,,,,,,,,,,,,,,,,,,,,,,
"1508804797427761168","2022-03-29T13:54:30.000Z","456","I don’t trust NFT mfs that use dark mode. Rug pull scammer waiting to happen",,,,,,"1508804797427761168","186","13",,,"https://twitter.com/DiscoverXnft/status/1508804797427761168",,,,"2021-08-15T02:27:42.000Z","false","NFT Degen + Shitpost Connoisseur. | MAYC #7450 | No Promos 🤡 |","0","64141","40306","3013","true","1426732252768182281","false","282","","3303","ThreadGuy.eth 👑","40306","https://pbs.twimg.com/profile_banners/1426732252768182281/1648703847","https://pbs.twimg.com/profile_images/1496865730586976262/iWWD7yx-_normal.jpg","false","DiscoverXnft","30346","none",,"false",,,,,,,,,,,,,,,,,,,,,,,,,,,
"1509083749035778048","2022-03-30T08:22:57.000Z","440","Would you be happy with feedback on your NFTs / Art?",,,,,,"1509083749035778048","307","34",,,"https://twitter.com/RealmissNFT/status/1509083749035778048",,,,"2020-10-01T08:27:33.000Z","false","Currently building @Metanatics
🌐 https://t.co/NiHugAHe15
PFP + Banner: @Metanatics","0","63776","167644","7498","false","1311583482011881473","false","1221","All links:","1720","RealMissNFT","167644","https://pbs.twimg.com/profile_banners/1311583482011881473/1645343863","https://pbs.twimg.com/profile_images/1495306546435264512/HeKF0QfJ_normal.jpg","false","RealmissNFT","25458","none","https://t.co/lWLQRmr98q","false",,,,,,,,,,,,,,,,,,,,,,,,,,,
"1509233734364581894","2022-03-30T18:18:57.000Z","402","Curious, question to everyone who has become rich through crypto or NFTs, how much $ do you allocate towards “luxury” things?",,,,,,"1509233734364581894","149","13",,,"https://twitter.com/Loopifyyy/status/1509233734364581894",,,,"2017-05-28T09:27:10.000Z","false","building @TheTreeverse & @interleaveCC 🤖

i am a jpeg enthusiast and write threads","0","46983","173606","1622","true","868760548674072576","false","2329","(🌱)","2440","Loopify 🧙‍♂️","173606","https://pbs.twimg.com/profile_banners/868760548674072576/1639826796","https://pbs.twimg.com/profile_images/1480550067564163078/D90SnyUa_normal.jpg","false","Loopifyyy","53948","none","https://t.co/EEdHUqkPh5","false",,,,,,,,,,,,,,,,,,,,,,,,,,,
"1509029509047074821","2022-03-30T04:47:26.000Z","368","😊We're giving Azuki 18 ETH
To enter:
🏆1. Like/ Retweet
🏆2. Must be following
🏆3. Tag 3 frens that value the NFT space
I will randomly select and publish the proof of the draw within 48 hours https://t.co/DxRET0XaLD",,,,,,"1509029509047074821","330","338",,,"https://twitter.com/superww886/status/1509029509047074821",,,,"2021-11-27T14:13:07.000Z","false","Offering Paid Promos 🌊 ~ DM For Inquiries | 100% Organic Engagement | #NFTs & #Crypto Enthusiastic 💫 | Daily #NFTGiveaways","0","173","30618","25","false","1464598138522644488","false","58","Eastern United States","102","Superman gift","30618","https://pbs.twimg.com/profile_banners/1464598138522644488/1641184807","https://pbs.twimg.com/profile_images/1464599468318216202/GcXSLddj_normal.jpg","false","superww886","318","none","https://t.co/GjZadAOqZa","false",,,,,,,,,,,,,,,,,,,,,,,,,,,
"1509090793201545217","2022-03-30T08:50:57.000Z","349","Collecting NFT is a state of mind!",,,,,,"1509090793201545217","137","35",,,"https://twitter.com/Poseidon_SF/status/1509090793201545217",,,,"2020-08-19T14:57:33.000Z","false","A DAO that invests in the NFT space, poised to capture history’s greatest new tech. 👇","0","18127","33705","703","true","1296098960986312705","false","175","poseidondaonft.eth","386","Poseidon NFT DAO","33705","https://pbs.twimg.com/profile_banners/1296098960986312705/1643323390","https://pbs.twimg.com/profile_images/1492490764345036808/hxy2Qky7_normal.jpg","false","Poseidon_SF","5852","none","https://t.co/AwGl1Dbq3a","false",,,,,,,,,,,,,,,,,,,,,,,,,,,
"1509171979206606848","2022-03-30T14:13:33.000Z","348","Junk is junk!!

Quality does not change bc it is a NFT.

NFTs are just the token / tech enabing art, music, etc. to have verifiable ownership / access &amp; also provides the opp for a new economic model.

Pls don't conflate junk w/ all of the really talented creators in the space!",,,,,,"1509171979206606848","51","59",,,"https://twitter.com/KeithGrossman/status/1509171979206606848",,,,"2009-04-16T02:43:05.000Z","false","President, @TIME Board Member: @NewYorkCares. (Opinions are my own.)","0","47616","46200","6632","true","31612773","false","343","New York","368","Keith A. Grossman ⏰","46200","https://pbs.twimg.com/profile_banners/31612773/1633889106","https://pbs.twimg.com/profile_images/1472385643670130690/lJqoQdKy_normal.jpg","false","KeithGrossman","6291","none","https://t.co/kKmBw7inxU","true",,,,,,,,,,,,,,,,,,,,,,,,,,,
"1509306159731257345","2022-03-30T23:06:44.000Z","346","Drop your #NFT under 1 ETH 🚀","NFT",,,,,"1509306159731257345","420","22",,,"https://twitter.com/SaifUll77333298/status/1509306159731257345",,,,"2022-03-02T21:21:39.000Z","false","Hello I'm NFTs Collector . 

#nfts #nftcollector #ftx","0","6329","2116","293","false","1499132756567080961","false","2","United States","9","NFT Collector 🌐","2116","https://pbs.twimg.com/profile_banners/1499132756567080961/1646257358","https://pbs.twimg.com/profile_images/1508500619505672195/o6ycOxhh_normal.jpg","false","SaifUll77333298","56","none",,"false",,,,,,,,,,,,,,,,,,,,,,,,,,,
"1508808653431873542","2022-03-29T14:09:49.000Z","326","Gm nft lovers 🌞",,,,,,"1508808653431873542","136","21",,,"https://twitter.com/CryptoStorm__/status/1508808653431873542",,,,"2019-06-11T20:49:36.000Z","false","ⓢⓣⓐⓨ ⓣⓡⓤⓔ ⓣⓞ ⓨⓞⓤⓡⓢⓔⓛⓕ 🤍 Photographer, Yogi, Dancer, Visual Creator, NFT Collector #BAYC/Crypto investor |   Founder: @WFVnft💜","0","120383","64967","2466","true","1138548860719157256","false","316","Messier 82","476","Storm🌪","64967","https://pbs.twimg.com/profile_banners/1138548860719157256/1647380432","https://pbs.twimg.com/profile_images/1486945220147175425/j87P1h7G_normal.jpg","false","CryptoStorm__","25429","none","https://t.co/VRBZTDoAT9","false",,,,,,,,,,,,,,,,,,,,,,,,,,,
"1508910595164319746","2022-03-29T20:54:54.000Z","311","DROP YOUR ART!

NO LINKS, JUST ART!

MUST BE FOLLOWING to be featured!

I will share my favorites with my group chats!

READY?  GO!  🚀🚀🚀🚀🚀🚀🚀🚀🚀

#NFTCommunity #NFTart #NFTs","NFTCommunity","NFTart","NFTs",,,"1508910595164319746","569","35",,,"https://twitter.com/EricJohnArt/status/1508910595164319746",,,,"2019-08-31T08:55:45.000Z","false","AS SEEN ON TV 📺 Eric John Palmieri, using REAL PIZZA toppings 🍕 to make HANDMADE works of edible ART 👨🏻‍🍳🖼 • #Pizza #NFTs • ericjohnart.eth • @niftypizzas","0","58976","16824","510","true","1167722578003275776","false","71","Rhode Island, USA","10438","ERIC JOHN","16824","https://pbs.twimg.com/profile_banners/1167722578003275776/1644578020","https://pbs.twimg.com/profile_images/1507473945162883072/jEg7zYSW_normal.jpg","false","EricJohnArt","52291","none","https://t.co/T9ZQQyAJzZ","false",,,,,,,,,,,,,,,,,,,,,,,,,,,
"1508939404148023298","2022-03-29T22:49:23.000Z","286","worst buy I've seen in a long time but god bless the seller's luck",,,,,,"1508939404148023298","41","6",,,"https://twitter.com/DeezeFi/status/1508939404148023298",,,,"2010-03-29T21:12:13.000Z","false","I know that I know nothing | lindy walk twitter space enthusiast | director of vibes @fractional_art | @neon_dao😜 | degenerate with @MrsDeeze","0","130442","206686","4044","true","127646057","false","2972","Moon","443","DeeZe","206686","https://pbs.twimg.com/profile_banners/127646057/1642744055","https://pbs.twimg.com/profile_images/1486096465361616913/DguMP5DY_normal.png","false","DeezeFi","2476","none","https://t.co/pYQ76AC73V","false",,,,,,,,,,,,,,,,,,,,,,,,,,,
"1509342339856183303","2022-03-31T01:30:30.000Z","289","The amount of free weed at LA events is enough to smoke up all of NFT twitter or maybe just @DeezeFi for a few hours",,,,,,"1509342339856183303","22","6",,,"https://twitter.com/tobylasso/status/1509342339856183303",,,,"2021-04-26T01:13:20.000Z","false","Manager @VinnieHager 💌 & @nevermindwill 🌴 | Co-Founder 'Letters' & @WeatheReportNFT ☔️ | Full Time Space Cowboy 🤠","0","36483","27314","2875","true","1386488321145131011","false","104","","1130","Toby Lasso","27314","https://pbs.twimg.com/profile_banners/1386488321145131011/1646846506","https://pbs.twimg.com/profile_images/1508901296564187136/LJSbm5q8_normal.png","false","tobylasso","12185","none",,"true","127646057","DeeZe","DeezeFi",,,,,,,,,,,,,,,,,,,,,,,,
"1509116478473261062","2022-03-30T10:33:01.000Z","281","GM to everyone vibing in the NFT space, let’s get creative and have an awesome day ahead!",,,,,,"1509116478473261062","107","9",,,"https://twitter.com/NFT1nsight/status/1509116478473261062",,,,"2021-06-07T16:50:07.000Z","false","NFT Writer | @TBAChronicles & @ChimpersNFT Community Manager | BAYC 235","0","65478","27213","4171","true","1401944520305090562","false","182","Metaverse ","204","Insight","27213","https://pbs.twimg.com/profile_banners/1401944520305090562/1646845298","https://pbs.twimg.com/profile_images/1500565459120406533/rDUt8ELD_normal.jpg","false","NFT1nsight","24908","none","https://t.co/DIxpQ0VRNG","false",,,,,,,,,,,,,,,,,,,,,,,,,,,
"1508997027560108033","2022-03-30T02:38:21.000Z","522","DC comics is dropping a Batman nft project with a 200,000 supply wtf🥸. I think it’s legit.",,,,,,"1508997027560108033","80","63",,,"https://twitter.com/AmeerHussainn/status/1508997027560108033",,,,"2015-05-15T01:04:12.000Z","false","founder & creative director @darkechelonnft NO PAID PROMOS! @bridge3_","0","3448","237971","330","true","3195799826","false","571","","395","Ameer Hussain","237971","https://pbs.twimg.com/profile_banners/3195799826/1646282275","https://pbs.twimg.com/profile_images/1479875551724769285/ZAenOdou_normal.jpg","false","AmeerHussainn","3527","none","https://t.co/umGQbTgzVc","true",,,,,,,,,,,,,,,,,,,,,,,,,,,
"1509161141238640646","2022-03-30T13:30:29.000Z","482","#LooksRare rewards for day 77:

💰 979 $WETH ($3.3M USD)
💰 1,361,587.5 $LOOKS ($3.4M USD)

Earn LOOKS for every NFT you buy or sell.
➡️➡️https://t.co/zxhULII9on https://t.co/GoM4aiiouu","LooksRare",,,,,"1509161141238640646","20","84","WETH","LOOKS","https://twitter.com/LooksRareNFT/status/1509161141238640646","looksrare.org","http://looksrare.org","https://t.co/zxhULII9on","2021-08-17T09:06:09.000Z","false","Join the community https://t.co/Xzhg0cothd","0","2632","210034","241","false","1427557319500472325","false","1102","","309","LooksRare - NFT Marketplace","210034","https://pbs.twimg.com/profile_banners/1427557319500472325/1642499153","https://pbs.twimg.com/profile_images/1493172984240308225/Nt6RFdmb_normal.jpg","false","LooksRareNFT","1411","none","https://t.co/r8YDd2wHOv","false",,,,,,,,,,,,,,,,,,,,,,,,,,,
"1508935321911767055","2022-03-29T22:33:10.000Z","312","100% Of Your Feelings About NFT Investing (Illustrated)
✅Why didn't I buy this NFT?
✅Why didn't I buy more of this NFT?
✅Why did I buy this NFT?
✅Why didn't I sell this NFT?",,,,,,"1508935321911767055","29","36",,,"https://twitter.com/punk6529/status/1508935321911767055",,,,"2021-05-01T13:36:46.000Z","false","https://t.co/7XzSyeUuDO
AB+1 gallery beta: https://t.co/tTYcQrxQ4Z
6529 photography: https://t.co/5kk89VyJTz
6529 gm: https://t.co/3AVx7gS6uo","0","23730","306967","2449","true","1388487332093997057","false","5647","The Open Metaverse","751","6529","306967","https://pbs.twimg.com/profile_banners/1388487332093997057/1641813943","https://pbs.twimg.com/profile_images/1440017111531855879/A4p6F07H_normal.jpg","false","punk6529","20369","none","https://t.co/p7hfrjPOPs","false",,,,,,,,,,,,,,,,,,,,,,,,,,,
"1509146314419933185","2022-03-30T12:31:34.000Z","301","Companies keep treating NFT drops as side ventures rather than main ventures and that will come back to bite them.",,,,,,"1509146314419933185","25","23",,,"https://twitter.com/Loopifyyy/status/1509146314419933185",,,,"2017-05-28T09:27:10.000Z","false","building @TheTreeverse & @interleaveCC 🤖

i am a jpeg enthusiast and write threads","0","46983","173606","1622","true","868760548674072576","false","2329","(🌱)","2440","Loopify 🧙‍♂️","173606","https://pbs.twimg.com/profile_banners/868760548674072576/1639826796","https://pbs.twimg.com/profile_images/1480550067564163078/D90SnyUa_normal.jpg","false","Loopifyyy","53948","none","https://t.co/EEdHUqkPh5","false",,,,,,,,,,,,,,,,,,,,,,,,,,,
"1508874397498499073","2022-03-29T18:31:04.000Z","276","Please drop that #NFT amazing 🤩 u Please drop that #NFT amazing 🤩 u Please drop that #NFT amazing 🤩 u Please drop that #NFT amazing 🤩 u","NFT","NFT","NFT","NFT",,"1508874397498499073","392","25",,,"https://twitter.com/FCJNFT/status/1508874397498499073",,,,"2021-04-15T15:16:49.000Z","false","Please be 🐝 Friendly to All ❤️‍🔥💯 help as many as possible. #BAYC1133 #SpacesHost {@BeeOneNFT help save the 🐝 } @mefaverse 🔥@leapnverse 🔥","0","35155","20504","15593","true","1382714448842878979","false","85","","1951","Friendly Citizen Joe NFT🙏☮️🇺🇦🙏 ☮️ 🙏🇺🇦🙏","20504","https://pbs.twimg.com/profile_banners/1382714448842878979/1647664807","https://pbs.twimg.com/profile_images/1508175337204576256/qKn14QPS_normal.jpg","false","FCJNFT","28393","none","https://t.co/AU06KPXSH9","false",,,,,,,,,,,,,,,,,,,,,,,,,,,
"1509406074868273158","2022-03-31T05:43:46.000Z","279","An amazing aspect about #NFTs is their provenance, and being able to track the history of an #NFT. Let's look at @cryptopunksnfts #3381 or 'COZOM' - It's owners include myself, @NiftyReport, Beanie, as well as it's current owner @CozomoMedici / @SnoopDogg

https://t.co/6vRmfH4WqK https://t.co/44GUkQnAZq","NFTs","NFT",,,,"1509406074868273158","33","34",,,"https://twitter.com/pranksy/status/1509406074868273158","larvalabs.com/cryptopunks/de…","https://www.larvalabs.com/cryptopunks/details/3831","https://t.co/6vRmfH4WqK","2014-07-12T08:28:46.000Z","false","An Investor / Collector of #NFTs and OG enthusiast.
Co-Founder and owner of 📦 https://t.co/CZmYIsMJIm @nftboxes
IG: https://t.co/d6EJ4QBGbX","0","19205","384865","2045","true","2621412174","false","4706","The Ether","1878","Pranksy 📦","384865","https://pbs.twimg.com/profile_banners/2621412174/1639553727","https://pbs.twimg.com/profile_images/1267497103015792640/QboypHHL_normal.jpg","false","pranksy","7187","none","https://t.co/a6bpuuEqsi","true","62418232","CryptoPunks","cryptopunksnfts","1198275950628069376","GoWestBTC","NiftyReport","1432402638868389892","Cozomo de’ Medici","CozomoMedici","3004231","Snoop Dogg","SnoopDogg",,,,,,,,,,,,,,,
"1509404680954294273","2022-03-31T05:38:13.000Z","264","DROP your NFT ☮️🤛
Share your amazing art and show some support!",,,,,,"1509404680954294273","386","22",,,"https://twitter.com/DOMIVAKERO/status/1509404680954294273",,,,"2013-03-04T21:01:19.000Z","false","#nftartist South of Spain ☮️ALEGRÍA DE VIVIR ☮️ https://t.co/o1sUBekSvm","0","57180","11359","1354","true","1242220555","false","85","Sevilla","1388","Domivakero","11359","https://pbs.twimg.com/profile_banners/1242220555/1642824612","https://pbs.twimg.com/profile_images/1448561352218484742/tOR9blmt_normal.jpg","false","DOMIVAKERO","20141","none","https://t.co/LK4Z6PY349","false",,,,,,,,,,,,,,,,,,,,,,,,,,,
"1509186784235773965","2022-03-30T15:12:23.000Z","255","NFT events be like: “what if we hosted IRL Twitter spaces except there’s 10,000 speakers and it’s not free.”",,,,,,"1509186784235773965","23","13",,,"https://twitter.com/DiscoverXnft/status/1509186784235773965",,,,"2021-08-15T02:27:42.000Z","false","NFT Degen + Shitpost Connoisseur. | MAYC #7450 | No Promos 🤡 |","0","64141","40306","3013","true","1426732252768182281","false","282","","3303","ThreadGuy.eth 👑","40306","https://pbs.twimg.com/profile_banners/1426732252768182281/1648703847","https://pbs.twimg.com/profile_images/1496865730586976262/iWWD7yx-_normal.jpg","false","DiscoverXnft","30346","none",,"false",,,,,,,,,,,,,,,,,,,,,,,,,,,
"1509221689900646404","2022-03-30T17:31:05.000Z","241","NFT market is feeling bullish right now 📈",,,,,,"1509221689900646404","49","30",,,"https://twitter.com/NFTupdate/status/1509221689900646404",,,,"2021-03-22T02:40:25.000Z","false","NFT source since March 2021 📈 Investor & OG 💎 Turn on Notifications 🔔 Founded by @CaponeOfFamilia🦍","0","243423","266421","13041","false","1373825712235352064","false","1574","Nifty York City","2555","NFT Update","266421","https://pbs.twimg.com/profile_banners/1373825712235352064/1629343393","https://pbs.twimg.com/profile_images/1488996966906351623/kRVNISH-_normal.jpg","false","NFTupdate","52122","none",,"false",,,,,,,,,,,,,,,,,,,,,,,,,,,
"1509246601415610374","2022-03-30T19:10:04.000Z","230","✨🖼️ NFT ART DROP🖼️✨

👇 Please read this carefully 👀

No links, No text, just your ART!

This is for Artists and Collectors
to Connect 🤝! Drop your NFT!
#NFTartists #cryptoartist #nftart","NFTartists","cryptoartist","nftart",,,"1509246601415610374","359","10",,,"https://twitter.com/TheNFTFocal/status/1509246601415610374",,,,"2021-03-26T16:21:48.000Z","false","Elite NFT collecting & curation. Sharing #NFTs, #NFT projects and top NFTs! We want to see your NFTs 📈! Finding emerging NFT projects pre-100x

Don't Miss 👇","0","10533","58677","9","true","1375482613134151684","false","310","","114","The NFT Focal💫","58677","https://pbs.twimg.com/profile_banners/1375482613134151684/1619804110","https://pbs.twimg.com/profile_images/1505420249327357952/kz-U4UNv_normal.jpg","false","TheNFTFocal","4835","none","https://t.co/7kiUmW3Xdu","false",,,,,,,,,,,,,,,,,,,,,,,,,,,
"1509298064976187398","2022-03-30T22:34:34.000Z","230","Bunch of sleepy folks. Just remember who kept you entertained when NFT’s were dead. Thats all I ask https://t.co/B1w2V6zZVo",,,,,,"1509298064976187398","14","9",,,"https://twitter.com/GuidoDisalle/status/1509298064976187398",,,,"2020-03-18T14:15:58.000Z","false","Your favourite photographer. Its a long story. All links: https://t.co/yJLQRStcWJ","0","162888","16619","2271","true","1240280727331225603","false","215","Toronto, Ontario","6698","Guido","16619","https://pbs.twimg.com/profile_banners/1240280727331225603/1638481915","https://pbs.twimg.com/profile_images/1488844056818028550/i5cpWaBn_normal.jpg","false","GuidoDisalle","59401","none","https://t.co/mFf9GQ2oE3","false",,,,,,,,,,,,,,,,,,,,,,,,,,,
"1509174491313696770","2022-03-30T14:23:32.000Z","226","GM! So basically all you have to do is rent a house, put a screen on an easel &amp; now you have an official NFT party. 

Guess I’m doing it all wrong.",,,,,,"1509174491313696770","72","6",,,"https://twitter.com/Kingofmidtown1/status/1509174491313696770",,,,"2019-04-01T12:25:15.000Z","false","•Founder & CEO of The Crypt Gallery @dreamhollywood   https://t.co/BZwkrFR8LC  also CEO of the entire NFT space🤣","0","38485","16458","1845","false","1112692397631332358","false","112","Manhattan, NY","576","Kingofmidtown.eth","16458","https://pbs.twimg.com/profile_banners/1112692397631332358/1639395173","https://pbs.twimg.com/profile_images/1434955107863511054/S99SjvkI_normal.jpg","false","Kingofmidtown1","14677","none","https://t.co/di4zwbVYil","false",,,,,,,,,,,,,,,,,,,,,,,,,,,
"1508899208950173704","2022-03-29T20:09:40.000Z","219","👋 Welcome to #OogaStore

✅ Now secured WLs at https://t.co/jwfESdtuAj

❤️ Happy to have our first projects on board 

@starwolvez @AntebellumGames @exaltedNFT @fuzzyfelons @CosmicLabsNFT @cryptocrimeclub @shinsekaicorp @90sApeClub @DreamProtocols 

#OogaVerse #NFT #MekaApesGame https://t.co/TMATx1lSnO","OogaStore","OogaVerse","NFT","MekaApesGame",,"1508899208950173704","47","123",,,"https://twitter.com/OogaVerse/status/1508899208950173704","store.oogaverse.com","https://store.oogaverse.com","https://t.co/jwfESdtuAj","2021-09-07T10:22:25.000Z","false","MekaApes Game out now! SOLD OUT: https://t.co/9sA5gYQ5Vk
NEW OogaStore - secure your WL: https://t.co/YS1q3pO81P","0","2822","47145","566","true","1435186501885865986","false","71","https://oogaverse.com/","187","OogaVerse","47145","https://pbs.twimg.com/profile_banners/1435186501885865986/1642997177","https://pbs.twimg.com/profile_images/1485773460852850703/DdXHmUBu_normal.jpg","false","OogaVerse","1089","none","https://t.co/u9xzNESkIm","false","1355996205445128192","STAR WOLVΞZ","starwolvez","1490426675162664984","Antebellum Games","AntebellumGames","1465475943846191106","The Exalted 🗡","exaltedNFT","1488165121830625283","Fuzzy Felons","fuzzyfelons","1454939268837564418","Cosmic Labs","CosmicLabsNFT","1435296188132052992","Crypto Crime Club | A Coalition For Good","cryptocrimeclub","1489314358748344320","Shinsekai","shinsekaicorp","1469437297040973825","90s Ape Club","90sApeClub","1490856679847739395","Dream Protocols","DreamProtocols"
"1509039118143000576","2022-03-30T05:25:37.000Z","204","Have been hesitating to share the story on CBS because of the stuff in the comments on some of them :(",,,,,,"1509039118143000576","86","9",,,"https://twitter.com/jastidesigns/status/1509039118143000576",,,,"2020-12-06T03:14:47.000Z","false","16 • Art • @ymuarts","0","52407","16218","1895","true","1335422363895095296","false","151","business@jstipp.com","2576","JASTI 💫","16218","https://pbs.twimg.com/profile_banners/1335422363895095296/1645055756","https://pbs.twimg.com/profile_images/1503430406149795841/w0YCWqEG_normal.jpg","false","jastidesigns","25475","none","https://t.co/wobEGjuM1q","false",,,,,,,,,,,,,,,,,,,,,,,,,,,
"1508760241114165249","2022-03-29T10:57:27.000Z","194","GM to every single person in the NFT space, good vibes and positive energy will drive us all forwards!",,,,,,"1508760241114165249","100","10",,,"https://twitter.com/NFT1nsight/status/1508760241114165249",,,,"2021-06-07T16:50:07.000Z","false","NFT Writer | @TBAChronicles & @ChimpersNFT Community Manager | BAYC 235","0","65478","27213","4171","true","1401944520305090562","false","182","Metaverse ","204","Insight","27213","https://pbs.twimg.com/profile_banners/1401944520305090562/1646845298","https://pbs.twimg.com/profile_images/1500565459120406533/rDUt8ELD_normal.jpg","false","NFT1nsight","24908","none","https://t.co/DIxpQ0VRNG","false",,,,,,,,,,,,,,,,,,,,,,,,,,,
"1509244978739957766","2022-03-30T19:03:38.000Z","178","The NFT Guild Cafe will be open during the #NFTLiverpool exhibition. 

Our coffee beans are exclusive to us and are sourced from a single female led farm in Bolivia and roasted in Birkenhead, UK. This coffee will only be available at the NFT Guild cafe and online store. 🙂 https://t.co/A0eqWKZ9XI","NFTLiverpool",,,,,"1509244978739957766","25","12",,,"https://twitter.com/mondoir/status/1509244978739957766",,,,"2009-04-15T10:39:49.000Z","false","Dance like no one’s watching (even though everyone is) #NFTLiverpool 2022 ➡️https://t.co/CTb2D9NJ4I","0","21404","51232","1768","true","31381129","false","438","Liverpool, England","480","Amir ᵍᵐ","51232","https://pbs.twimg.com/profile_banners/31381129/1643671490","https://pbs.twimg.com/profile_images/1507045248857423878/knD7lNPh_normal.jpg","false","mondoir","4911","regular","https://t.co/bMV1RTdJUs","false",,,,,,,,,,,,,,,,,,,,,,,,,,,
"1509267005056053251","2022-03-30T20:31:09.000Z","170","Comfy",,,,,,"1509267005056053251","15","5",,,"https://twitter.com/DeezeFi/status/1509267005056053251",,,,"2010-03-29T21:12:13.000Z","false","I know that I know nothing | lindy walk twitter space enthusiast | director of vibes @fractional_art | @neon_dao😜 | degenerate with @MrsDeeze","0","130442","206686","4044","true","127646057","false","2972","Moon","443","DeeZe","206686","https://pbs.twimg.com/profile_banners/127646057/1642744055","https://pbs.twimg.com/profile_images/1486096465361616913/DguMP5DY_normal.png","false","DeezeFi","2476","none","https://t.co/pYQ76AC73V","false",,,,,,,,,,,,,,,,,,,,,,,,,,,
"1509168503890268166","2022-03-30T13:59:44.000Z","163","gm to absolutely everyone in the NFT world, you're all legends! 💎",,,,,,"1509168503890268166","48","4",,,"https://twitter.com/TimpersHD/status/1509168503890268166",,,,"2015-05-09T20:44:03.000Z","false","Pixel placer | Founder @TBAChronicles @ChimpersNFT | @nounsdao Artist ⌐◨-◨ | https://t.co/TegBFYHhLD https://t.co/i0yvFOsaWe | BAYC 7010 | Noun 100","0","98417","42757","2430","true","3243965897","false","275","Pixelverse","3688","Timpers.eth 👾","42757","https://pbs.twimg.com/profile_banners/3243965897/1648678319","https://pbs.twimg.com/profile_images/1504452713152761860/kXcpf4AI_normal.jpg","false","TimpersHD","36118","none","https://t.co/Qi8xDvKbFy","false",,,,,,,,,,,,,,,,,,,,,,,,,,,
"1509341458360254470","2022-03-31T01:27:00.000Z","163","Tomorrow - Hooli Radio #5 - Delivering a vision.... 

Twitter Spaces: 12:00 PT/20:00 UTC 🕛

Guests:
@HeroGalaxyNFT
@UndeadBlocks
@snobietyclub
@onjoyride

Hosts: @luke_skyhopper &amp; @saidweast

#karrotgang #NFTs #Metaverse #NFTProject https://t.co/JOQC3YwxQz","karrotgang","NFTs","Metaverse","NFTProject",,"1509341458360254470","11","76",,,"https://twitter.com/mypethooligan/status/1509341458360254470",,,,"2021-10-28T21:55:40.000Z","false","Got $karrots? An interactive #NFT experience from @amgistudios. https://t.co/w5qFPPXhky https://t.co/T4ok5hKKAh","0","875","79245","90","false","1453842046154850309","false","213","Metaverse","160","My Pet Hooligan","79245","https://pbs.twimg.com/profile_banners/1453842046154850309/1638218493","https://pbs.twimg.com/profile_images/1466011490532667396/tOnbYmmG_normal.jpg","false","mypethooligan","425","none","https://t.co/Wf9EdHejdf","false","1480752028368314368","Hero Galaxy","HeroGalaxyNFT","1449340418894729217","Undead Blocks","UndeadBlocks","1488888890421395456","Culture Cubs NFT by Snobiety Ø","snobietyclub","808887433601257472","Joyride Games","onjoyride","1464022425096572933","Luke Skyhopper","luke_skyhopper","395165990","West Paglia","saidweast",,,,,,,,,
"1509141259801313281","2022-03-30T12:11:29.000Z","146","There are three ways to ultimate success:

1) Buy Bitcoin
2) Buy Altcoins
3) Buy NFTs

&amp; HODL",,,,,,"1509141259801313281","34","5",,,"https://twitter.com/Poseidon_SF/status/1509141259801313281",,,,"2020-08-19T14:57:33.000Z","false","A DAO that invests in the NFT space, poised to capture history’s greatest new tech. 👇","0","18127","33705","703","true","1296098960986312705","false","175","poseidondaonft.eth","386","Poseidon NFT DAO","33705","https://pbs.twimg.com/profile_banners/1296098960986312705/1643323390","https://pbs.twimg.com/profile_images/1492490764345036808/hxy2Qky7_normal.jpg","false","Poseidon_SF","5852","none","https://t.co/AwGl1Dbq3a","false",,,,,,,,,,,,,,,,,,,,,,,,,,,
"1509184225588781063","2022-03-30T15:02:13.000Z","290","So excited for the future and you should be too if you are actively participating in the NFT ecosystem.",,,,,,"1509184225588781063","30","22",,,"https://twitter.com/Loopifyyy/status/1509184225588781063",,,,"2017-05-28T09:27:10.000Z","false","building @TheTreeverse & @interleaveCC 🤖

i am a jpeg enthusiast and write threads","0","46983","173606","1622","true","868760548674072576","false","2329","(🌱)","2440","Loopify 🧙‍♂️","173606","https://pbs.twimg.com/profile_banners/868760548674072576/1639826796","https://pbs.twimg.com/profile_images/1480550067564163078/D90SnyUa_normal.jpg","false","Loopifyyy","53948","none","https://t.co/EEdHUqkPh5","false",,,,,,,,,,,,,,,,,,,,,,,,,,,
"1508935862481997824","2022-03-29T22:35:18.000Z","287","100% Of Your Feelings About NFT Investing (Revised)
✅Why didn't I buy this NFT?
✅Why didn't I buy more of this NFT?
✅Why did I buy this NFT?
✅Why didn't I sell this NFT?
✅Why did I sell this NFT?

I think that covers it all",,,,,,"1508935862481997824","29","42",,,"https://twitter.com/punk6529/status/1508935862481997824",,,,"2021-05-01T13:36:46.000Z","false","https://t.co/7XzSyeUuDO
AB+1 gallery beta: https://t.co/tTYcQrxQ4Z
6529 photography: https://t.co/5kk89VyJTz
6529 gm: https://t.co/3AVx7gS6uo","0","23730","306967","2449","true","1388487332093997057","false","5647","The Open Metaverse","751","6529","306967","https://pbs.twimg.com/profile_banners/1388487332093997057/1641813943","https://pbs.twimg.com/profile_images/1440017111531855879/A4p6F07H_normal.jpg","false","punk6529","20369","none","https://t.co/p7hfrjPOPs","false",,,,,,,,,,,,,,,,,,,,,,,,,,,
"1508820409034199044","2022-03-29T14:56:32.000Z","163","gm to every single person in the NFT world! 🌟",,,,,,"1508820409034199044","82","4",,,"https://twitter.com/TimpersHD/status/1508820409034199044",,,,"2015-05-09T20:44:03.000Z","false","Pixel placer | Founder @TBAChronicles @ChimpersNFT | @nounsdao Artist ⌐◨-◨ | https://t.co/TegBFYHhLD https://t.co/i0yvFOsaWe | BAYC 7010 | Noun 100","0","98417","42757","2430","true","3243965897","false","275","Pixelverse","3688","Timpers.eth 👾","42757","https://pbs.twimg.com/profile_banners/3243965897/1648678319","https://pbs.twimg.com/profile_images/1504452713152761860/kXcpf4AI_normal.jpg","false","TimpersHD","36118","none","https://t.co/Qi8xDvKbFy","false",,,,,,,,,,,,,,,,,,,,,,,,,,,
"1508891157798998023","2022-03-29T19:37:40.000Z","161","🟣 Marketplace launching in a couple of minutes 🟣

Are you ready to secure solid WLs with $DMT and $OG 🤝

#OogaVerse #NFT #OogaStore","OogaVerse","NFT","OogaStore",,,"1508891157798998023","19","62","DMT","OG","https://twitter.com/OogaVerse/status/1508891157798998023",,,,"2021-09-07T10:22:25.000Z","false","MekaApes Game out now! SOLD OUT: https://t.co/9sA5gYQ5Vk
NEW OogaStore - secure your WL: https://t.co/YS1q3pO81P","0","2822","47145","566","true","1435186501885865986","false","71","https://oogaverse.com/","187","OogaVerse","47145","https://pbs.twimg.com/profile_banners/1435186501885865986/1642997177","https://pbs.twimg.com/profile_images/1485773460852850703/DdXHmUBu_normal.jpg","false","OogaVerse","1089","none","https://t.co/u9xzNESkIm","false",,,,,,,,,,,,,,,,,,,,,,,,,,,
"1508881799916757005","2022-03-29T19:00:29.000Z","141","What was the first NFT you bought on SuperRare? 💎

Drop the link 🔗 and follow or like your favorites!",,,,,,"1508881799916757005","56","10",,,"https://twitter.com/SuperRare/status/1508881799916757005",,,,"2018-04-02T22:31:18.000Z","false","The future of the CryptoArt market—a network governed by artists, collectors and curators 💎","0","20319","297689","3545","true","980935731794403328","false","3377","Ethereum","1651","SuperRare 💎","297689","https://pbs.twimg.com/profile_banners/980935731794403328/1611596145","https://pbs.twimg.com/profile_images/1495039475839234052/gN6McV0d_normal.png","false","SuperRare","19024","none","https://t.co/0Sigv0QfjK","true",,,,,,,,,,,,,,,,,,,,,,,,,,,
"1508903111116558339","2022-03-29T20:25:10.000Z","138","The next NFT bull run is right around the corner; be ready. 🚀",,,,,,"1508903111116558339","18","13",,,"https://twitter.com/eddiegangland/status/1508903111116558339",,,,"2019-02-22T01:56:23.000Z","false","#NFTArtist creating NFT Skulls💀 Featured in @RollingStone & @VogueMagazine 👾 Gangland.eth #skullgang @eddiegangland on IG https://t.co/QWvYDBiujE","0","310167","42755","3213","false","1098763399519817728","false","202","Miami, FL","1714","Eddie Gangland💀gangland.eth","42755","https://pbs.twimg.com/profile_banners/1098763399519817728/1631026106","https://pbs.twimg.com/profile_images/1508467481949650950/0es4cfaB_normal.jpg","false","eddiegangland","11852","none","https://t.co/a8dbSHF9tC","false",,,,,,,,,,,,,,,,,,,,,,,,,,,
"1509147378602893312","2022-03-30T12:35:48.000Z","133","How are people getting invited to fancy NFT/Web3 events? 🥵",,,,,,"1509147378602893312","28","2",,,"https://twitter.com/NathanHeadPhoto/status/1509147378602893312",,,,"2014-09-21T15:13:19.000Z","false","NFTs - Crypto - Kpop fan - CryptoPunk #9233 - BAYC #7865 https://t.co/ry1GmDRVFz https://t.co/fVl6usJIat","0","15769","99364","6189","true","2824425018","false","886","UK","5106","🏝nathanhead.eth🏝","99364","https://pbs.twimg.com/profile_banners/2824425018/1647082881","https://pbs.twimg.com/profile_images/1502600716510240768/dxafEjcC_normal.jpg","false","NathanHeadPhoto","25678","none","https://t.co/8UDAwk1L0m","false",,,,,,,,,,,,,,,,,,,,,,,,,,,
"1508901987299037191","2022-03-29T20:20:42.000Z","129","✨🖼️ NFT ART DROP🖼️✨

👇 Please read this carefully 👀

One link, No text, just your ART!

This is for Artists and Collectors
to Connect 🤝! Drop your NFT!
#NFTartists #cryptoartist #nftart","NFTartists","cryptoartist","nftart",,,"1508901987299037191","188","12",,,"https://twitter.com/TheNFTFocal/status/1508901987299037191",,,,"2021-03-26T16:21:48.000Z","false","Elite NFT collecting & curation. Sharing #NFTs, #NFT projects and top NFTs! We want to see your NFTs 📈! Finding emerging NFT projects pre-100x

Don't Miss 👇","0","10533","58677","9","true","1375482613134151684","false","310","","114","The NFT Focal💫","58677","https://pbs.twimg.com/profile_banners/1375482613134151684/1619804110","https://pbs.twimg.com/profile_images/1505420249327357952/kz-U4UNv_normal.jpg","false","TheNFTFocal","4835","none","https://t.co/7kiUmW3Xdu","false",,,,,,,,,,,,,,,,,,,,,,,,,,,
"1509232797680078854","2022-03-30T18:15:13.000Z","130","Welcome to @nftboxes Month 1 w/ @Hackatao! - @billydeee_! 📸 #NFTs #NFTPhotography","NFTs","NFTPhotography",,,,"1509232797680078854","27","16",,,"https://twitter.com/pranksy/status/1509232797680078854",,,,"2014-07-12T08:28:46.000Z","false","An Investor / Collector of #NFTs and OG enthusiast.
Co-Founder and owner of 📦 https://t.co/CZmYIsMJIm @nftboxes
IG: https://t.co/d6EJ4QBGbX","0","19205","384865","2045","true","2621412174","false","4706","The Ether","1878","Pranksy 📦","384865","https://pbs.twimg.com/profile_banners/2621412174/1639553727","https://pbs.twimg.com/profile_images/1267497103015792640/QboypHHL_normal.jpg","false","pranksy","7187","none","https://t.co/a6bpuuEqsi","true","1345139780967923712","NFTBoxes","nftboxes","16375719","Hackatao ♛","Hackatao","1370103494296883201","Billy Dinh","billydeee_",,,,,,,,,,,,,,,,,,
"1509143352037593089","2022-03-30T12:19:48.000Z","125","I’m not just saying this coz he buys my art but way more of you should be following @mooncat2878. 

Best NFT trader in 2022 IMO by a long way. He’s made a lot of unreal calls and also put on some sizeable positions. 

Also of of few collectors who genuinely supports artists. 👏",,,,,,"1509143352037593089","20","10",,,"https://twitter.com/osf_nft/status/1509143352037593089",,,,"2021-03-03T02:13:25.000Z","false","Investor in Web3/NFTs | Co-Founder of @CanaryNFT & @DegenzNFT | Host on @RugRadio | Team at @FlipsFinance | Artist on @SuperRare | Former TradFi Trader","0","47145","72349","862","true","1366934666201202689","false","866","London, England","1515","OSF","72349","https://pbs.twimg.com/profile_banners/1366934666201202689/1646333240","https://pbs.twimg.com/profile_images/1508810123120156690/0gjB6ApC_normal.jpg","false","osf_nft","17622","none","https://t.co/wf4PiOz1Dx","false","1422615292648300545","MoonCat2878","mooncat2878",,,,,,,,,,,,,,,,,,,,,,,,
"1509275382901624838","2022-03-30T21:04:26.000Z","104","100000th follower will get huge free nft 🙀👀",,,,,,"1509275382901624838","17","13",,,"https://twitter.com/pixelord/status/1509275382901624838",,,,"2009-12-24T00:26:15.000Z","false","Futuristic audiovisual artist. https://t.co/wd44t6JTHL founder of @nft_gm NFT and @coolkeysnft","0","68521","99121","1177","true","98990456","false","388","","2936","PIXELORD","99121","https://pbs.twimg.com/profile_banners/98990456/1639697190","https://pbs.twimg.com/profile_images/1509269360724037644/zgk_zBpa_normal.jpg","false","pixelord","18396","none","https://t.co/5NIe9rRPGw","true",,,,,,,,,,,,,,,,,,,,,,,,,,,
"1508892280891056129","2022-03-29T19:42:08.000Z","97","So thankful for the NFT space, the opportunity, the friendship the freedom to create. We should treasure these days for years to come!",,,,,,"1508892280891056129","17","9",,,"https://twitter.com/NFT1nsight/status/1508892280891056129",,,,"2021-06-07T16:50:07.000Z","false","NFT Writer | @TBAChronicles & @ChimpersNFT Community Manager | BAYC 235","0","65478","27213","4171","true","1401944520305090562","false","182","Metaverse ","204","Insight","27213","https://pbs.twimg.com/profile_banners/1401944520305090562/1646845298","https://pbs.twimg.com/profile_images/1500565459120406533/rDUt8ELD_normal.jpg","false","NFT1nsight","24908","none","https://t.co/DIxpQ0VRNG","false",,,,,,,,,,,,,,,,,,,,,,,,,,,
"1509146191078080514","2022-03-30T12:31:05.000Z","89","I wanted to take this moment to say that I am so proud of you @DesLucrece 

You have been nothing but great to me, your community and to this space

You have been innovating, released unique art and keep pushing your limits.

You deserve it! So happy for you 💙💙",,,,,,"1509146191078080514","5","4",,,"https://twitter.com/mooncat2878/status/1509146191078080514",,,,"2021-08-03T17:49:35.000Z","false","Follow my degen account to see my 2022 journey. Started with 22 $ETH  let's see how far we get: https://t.co/iXz3MGEB5F

Active wallet: https://t.co/cjteM3Pfe4","0","21247","25592","634","true","1422615292648300545","false","219","Earth, previously the Moon","1369","MoonCat2878","25592","https://pbs.twimg.com/profile_banners/1422615292648300545/1645039881","https://pbs.twimg.com/profile_images/1494594691651809281/D_aYV-0c_normal.jpg","false","mooncat2878","9297","none","https://t.co/sYpgGudQdE","false","3809335936","Lucréce","DesLucrece",,,,,,,,,,,,,,,,,,,,,,,,
"1508838518533107713","2022-03-29T16:08:30.000Z","89","We’ve extended the window for this merch drop until 11:59pm ET Thursday, so there’s no need to rush. Everyone has an extra day to shop.",,,,,,"1508838519661338630","9","6",,,"https://twitter.com/BoredApeYC/status/1508838519661338630",,,,"2021-04-12T20:02:42.000Z","false","To become a member, buy a Bored Ape or Mutant Ape on OpenSea. https://t.co/tGx2Lgsf4W

Discord: https://t.co/2Z7jqjX0z1
Created by @yugalabs","0","14943","802966","5470","true","1381699264011771906","false","4002","The Swamp","194","Bored Ape Yacht Club","802966","https://pbs.twimg.com/profile_banners/1381699264011771906/1618427569","https://pbs.twimg.com/profile_images/1446569222352654344/Uc-tml-6_normal.jpg","false","BoredApeYC","4595","none","https://t.co/lxh8bxjHit","true",,,,,,,,,,,,,,,,,,,,,,,,,,,
"1509184271310852108","2022-03-30T15:02:24.000Z","88","The key to happiness is knowing your NFT can always go lower no matter how low it is. We are talking many decimal places here.",,,,,,"1509184271310852108","14","4",,,"https://twitter.com/GuidoDisalle/status/1509184271310852108",,,,"2020-03-18T14:15:58.000Z","false","Your favourite photographer. Its a long story. All links: https://t.co/yJLQRStcWJ","0","162888","16619","2271","true","1240280727331225603","false","215","Toronto, Ontario","6698","Guido","16619","https://pbs.twimg.com/profile_banners/1240280727331225603/1638481915","https://pbs.twimg.com/profile_images/1488844056818028550/i5cpWaBn_normal.jpg","false","GuidoDisalle","59401","none","https://t.co/mFf9GQ2oE3","false",,,,,,,,,,,,,,,,,,,,,,,,,,,
"1509039225655934977","2022-03-30T05:26:02.000Z","87","Been connecting with a lot of super cool Thai NFT artists ever since picking up a second amazing piece from @MANIN_art yesterday. So much talent from all corners of the globe in this community! @haningwaslost @pichwish @Mebeeapichaya #NFTTHAILAND 🤘🇹🇭🤘 Be sure to check them out! https://t.co/1sw504i5ny","NFTTHAILAND",,,,,"1509039225655934977","18","18",,,"https://twitter.com/chriswahl73/status/1509039225655934977",,,,"2016-01-20T09:56:05.000Z","false","MARVEL artist • TANK GIRL cover artist • DC Comics • Lucasfilm • MAD magazine • Instagram: 50k+ followers • NFT artist • PUNKS and METAHERO chief artist","0","44752","28521","4961","true","4788165313","false","223","Australia","1252","Chris Wahl","28521","https://pbs.twimg.com/profile_banners/4788165313/1648430948","https://pbs.twimg.com/profile_images/1505013376430534656/hG2uZnfK_normal.jpg","false","chriswahl73","15895","none","https://t.co/xRVUmmHbL7","false","1417696799175843840","👹 HELL LINE DRAWING 💎 | MANINart NFT |","MANIN_art","1443253167345451008","Haningwaslost🌕","haningwaslost","1425056229227851782","Pichwish🌕","pichwish","884396457716875264","7nov.bee 🌕","Mebeeapichaya",,,,,,,,,,,,,,,
"1509258703744217091","2022-03-30T19:58:10.000Z","85","A single NFT could change your life",,,,,,"1509258703744217091","17","8",,,"https://twitter.com/suzeoxa/status/1509258703744217091",,,,"2021-03-04T11:09:11.000Z","false","π","0","4742","78554","1702","true","1367431879771770881","false","253","Antares","178","Oxa","78554","https://pbs.twimg.com/profile_banners/1367431879771770881/1648028086","https://pbs.twimg.com/profile_images/1508174059758096392/AgEmE7LM_normal.jpg","false","suzeoxa","4117","none","https://t.co/kvQDUtuD60","false",,,,,,,,,,,,,,,,,,,,,,,,,,,
"1508910532761378821","2022-03-29T20:54:39.000Z","81","Please read carefully!

Drop your Art👇⬇️

Only photo, video, or GIF

NO LINKS🙏 
#Nfts #Nftdrop #NFTCommunity","Nfts","Nftdrop","NFTCommunity",,,"1508910532761378821","151","7",,,"https://twitter.com/Rebllon/status/1508910532761378821",,,,"2020-05-30T17:34:52.000Z","false","Nft Artist & Promoter - Co-Founder 🌎@lazycitykitties / Team  #NFTcommunity #Giveaway #Promoter 🪐","0","69106","23219","19281","true","1266785084633481217","false","44","Nft Community","2319","REBELLION ✨","23219","https://pbs.twimg.com/profile_banners/1266785084633481217/1644717495","https://pbs.twimg.com/profile_images/1509007360353837060/f5zp6rcQ_normal.jpg","false","Rebllon","36449","none","https://t.co/sabJUbQikv","false",,,,,,,,,,,,,,,,,,,,,,,,,,,
"1509280959749058560","2022-03-30T21:26:36.000Z","76","honestly at this point if you’re the kind of person who gets excited by the “I sold my nft, which floor should I sweep” tweets, you’re just as much to blame as the bots",,,,,,"1509280959749058560","13","5",,,"https://twitter.com/Punk_2070/status/1509280959749058560",,,,"2021-09-08T19:46:11.000Z","false","https://t.co/3tDfxId39A https://t.co/CymZpRam3J…","0","10302","13345","2762","false","1435690910008942592","false","109","","442","2070","13345","https://pbs.twimg.com/profile_banners/1435690910008942592/1643857708","https://pbs.twimg.com/profile_images/1506377092530855939/5bQMD0Vk_normal.jpg","false","Punk_2070","3202","none",,"false",,,,,,,,,,,,,,,,,,,,,,,,,,,
"1509247958457458690","2022-03-30T19:15:28.000Z","67","Shill your #nft and sell buy 😁🍀","nft",,,,,"1509247958457458690","111","5",,,"https://twitter.com/banksy_nft/status/1509247958457458690",,,,"2021-04-06T10:26:52.000Z","false","❤️🚀https://t.co/YeQ8YS35Cj🚀❤

#NFT #Creator #Collector #art 
#nfthearts
https://t.co/oHVEZyw3KD
https://t.co/sYmGLxH8IQ","0","97461","4692","339","false","1379380033253478400","false","9","","92","nft-banksy","4692","https://pbs.twimg.com/profile_banners/1379380033253478400/1620912028","https://pbs.twimg.com/profile_images/1381528100874432513/OA7DJIqC_normal.jpg","false","banksy_nft","2601","none","https://t.co/xhv0PjVURe","false",,,,,,,,,,,,,,,,,,,,,,,,,,,
